v-sweep,id,gm,
0.00000000e+00,4.10693701e-12,8.34887715e-11,
1.00000000e-03,4.18509671e-12,7.28306304e-11,
2.00000000e-03,4.25259827e-12,7.28306304e-11,
3.00000000e-03,4.33075797e-12,7.46069873e-11,
4.00000000e-03,4.40181225e-12,7.46069873e-11,
5.00000000e-03,4.47997195e-12,7.99360578e-11,
6.00000000e-03,4.56168436e-12,8.17124146e-11,
7.00000000e-03,4.64339678e-12,8.34887715e-11,
8.00000000e-03,4.72866191e-12,8.52651283e-11,
9.00000000e-03,4.81392703e-12,8.52651283e-11,
1.00000000e-02,4.89919216e-12,8.88178420e-11,
1.10000000e-02,4.99156272e-12,9.23705556e-11,
1.20000000e-02,5.08393327e-12,9.41469125e-11,
1.30000000e-02,5.17985654e-12,9.76996262e-11,
1.40000000e-02,5.27933253e-12,9.76996262e-11,
1.50000000e-02,5.37525580e-12,9.76996262e-11,
1.60000000e-02,5.47473178e-12,1.03028697e-10,
1.70000000e-02,5.58131319e-12,1.08357767e-10,
1.80000000e-02,5.69144731e-12,1.04805054e-10,
1.90000000e-02,5.79092330e-12,1.10134124e-10,
2.00000000e-02,5.91171556e-12,1.15463195e-10,
2.10000000e-02,6.02184969e-12,1.13686838e-10,
2.20000000e-02,6.13908924e-12,1.19015908e-10,
2.30000000e-02,6.25988150e-12,1.26121336e-10,
2.40000000e-02,6.39133191e-12,1.27897692e-10,
2.50000000e-02,6.51567689e-12,1.27897692e-10,
2.60000000e-02,6.64712729e-12,1.29674049e-10,
2.70000000e-02,6.77502499e-12,1.31450406e-10,
2.80000000e-02,6.91002811e-12,1.38555833e-10,
2.90000000e-02,7.05213665e-12,1.42108547e-10,
3.00000000e-02,7.19424520e-12,1.43884904e-10,
3.10000000e-02,7.33990646e-12,1.49213975e-10,
3.20000000e-02,7.49267315e-12,1.52766688e-10,
3.30000000e-02,7.64543984e-12,1.54543045e-10,
3.40000000e-02,7.80175924e-12,1.56319402e-10,
3.50000000e-02,7.95807864e-12,1.61648472e-10,
3.60000000e-02,8.12505618e-12,1.66977543e-10,
3.70000000e-02,8.29203373e-12,1.72306613e-10,
3.80000000e-02,8.46966941e-12,1.75859327e-10,
3.90000000e-02,8.64375238e-12,1.77635684e-10,
4.00000000e-02,8.82494078e-12,1.84741111e-10,
4.10000000e-02,9.01323460e-12,1.90070182e-10,
4.20000000e-02,9.20508114e-12,1.91846539e-10,
4.30000000e-02,9.39692768e-12,1.98951966e-10,
4.40000000e-02,9.60298507e-12,2.02504680e-10,
4.50000000e-02,9.80193704e-12,2.04281037e-10,
4.60000000e-02,1.00115471e-11,2.11386464e-10,
4.70000000e-02,1.02247100e-11,2.18491891e-10,
4.80000000e-02,1.04485309e-11,2.22044605e-10,
4.90000000e-02,1.06687992e-11,2.27373675e-10,
5.00000000e-02,1.09032783e-11,2.34479103e-10,
5.10000000e-02,1.11377574e-11,2.41584530e-10,
5.20000000e-02,1.13864473e-11,2.46913601e-10,
5.30000000e-02,1.16315846e-11,2.50466314e-10,
5.40000000e-02,1.18873800e-11,2.55795385e-10,
5.50000000e-02,1.21431754e-11,2.62900812e-10,
5.60000000e-02,1.24131816e-11,2.71782596e-10,
5.70000000e-02,1.26867405e-11,2.77111667e-10,
5.80000000e-02,1.29674049e-11,2.82440737e-10,
5.90000000e-02,1.32516220e-11,2.89546165e-10,
6.00000000e-02,1.35464973e-11,2.96651592e-10,
6.10000000e-02,1.38449252e-11,3.05533376e-10,
6.20000000e-02,1.41575640e-11,3.14415161e-10,
6.30000000e-02,1.44737555e-11,3.19744231e-10,
6.40000000e-02,1.47970525e-11,3.23296945e-10,
6.50000000e-02,1.51203494e-11,3.33955086e-10,
6.60000000e-02,1.54649626e-11,3.48165941e-10,
6.70000000e-02,1.58166813e-11,3.51718654e-10,
6.80000000e-02,1.61684000e-11,3.58824082e-10,
6.90000000e-02,1.65343295e-11,3.73034936e-10,
7.00000000e-02,1.69144698e-11,3.78364007e-10,
7.10000000e-02,1.72910575e-11,3.85469434e-10,
7.20000000e-02,1.76854087e-11,3.99680289e-10,
7.30000000e-02,1.80904181e-11,4.06785716e-10,
7.40000000e-02,1.84989801e-11,4.13891144e-10,
7.50000000e-02,1.89182003e-11,4.28101998e-10,
7.60000000e-02,1.93551841e-11,4.38760139e-10,
7.70000000e-02,1.97957206e-11,4.47641924e-10,
7.80000000e-02,2.02504680e-11,4.60076421e-10,
7.90000000e-02,2.07158735e-11,4.74287276e-10,
8.00000000e-02,2.11990425e-11,4.81392703e-10,
8.10000000e-02,2.16786589e-11,4.86721774e-10,
8.20000000e-02,2.21724861e-11,5.04485342e-10,
8.30000000e-02,2.26876296e-11,5.20472554e-10,
8.40000000e-02,2.32134312e-11,5.31130695e-10,
8.50000000e-02,2.37498909e-11,5.45341550e-10,
8.60000000e-02,2.43041143e-11,5.55999691e-10,
8.70000000e-02,2.48618903e-11,5.68434189e-10,
8.80000000e-02,2.54409827e-11,5.86197757e-10,
8.90000000e-02,2.60342858e-11,5.96855898e-10,
9.00000000e-02,2.66346944e-11,6.09290396e-10,
9.10000000e-02,2.72528666e-11,6.28830321e-10,
9.20000000e-02,2.78923551e-11,6.44817533e-10,
9.30000000e-02,2.85425017e-11,6.57252031e-10,
9.40000000e-02,2.92068592e-11,6.76791956e-10,
9.50000000e-02,2.98960856e-11,6.92779167e-10,
9.60000000e-02,3.05924175e-11,7.08766379e-10,
9.70000000e-02,3.13136184e-11,7.22977234e-10,
9.80000000e-02,3.20383720e-11,7.40740802e-10,
9.90000000e-02,3.27951000e-11,7.63833441e-10,
1.00000000e-01,3.35660388e-11,7.81597009e-10,
1.01000000e-01,3.43582940e-11,7.99360578e-10,
1.02000000e-01,3.51647600e-11,8.15347789e-10,
1.03000000e-01,3.59889896e-11,8.36664071e-10,
1.04000000e-01,3.68380881e-11,8.57980353e-10,
1.05000000e-01,3.77049503e-11,8.81072992e-10,
1.06000000e-01,3.86002341e-11,9.04165631e-10,
1.07000000e-01,3.95132815e-11,9.21929200e-10,
1.08000000e-01,4.04440925e-11,9.43245482e-10,
1.09000000e-01,4.13997725e-11,9.69890834e-10,
1.10000000e-01,4.23838742e-11,9.92983473e-10,
1.11000000e-01,4.33857394e-11,1.01607611e-09,
1.12000000e-01,4.44160264e-11,1.03916875e-09,
1.13000000e-01,4.54640769e-11,1.06403775e-09,
1.14000000e-01,4.65441019e-11,1.09245946e-09,
1.15000000e-01,4.76489959e-11,1.12088117e-09,
1.16000000e-01,4.87858642e-11,1.14752652e-09,
1.17000000e-01,4.99440489e-11,1.17417187e-09,
1.18000000e-01,5.11342080e-11,1.20081722e-09,
1.19000000e-01,5.23456833e-11,1.22923893e-09,
1.20000000e-01,5.35926858e-11,1.26654243e-09,
1.21000000e-01,5.48787682e-11,1.29851685e-09,
1.22000000e-01,5.61897195e-11,1.32338585e-09,
1.23000000e-01,5.75255399e-11,1.35536027e-09,
1.24000000e-01,5.89004401e-11,1.39088741e-09,
1.25000000e-01,6.03073147e-11,1.42286183e-09,
1.26000000e-01,6.17461637e-11,1.45661261e-09,
1.27000000e-01,6.32205399e-11,1.49569246e-09,
1.28000000e-01,6.47375487e-11,1.53121960e-09,
1.29000000e-01,6.62829791e-11,1.56497038e-09,
1.30000000e-01,6.78674894e-11,1.60405023e-09,
1.31000000e-01,6.94910796e-11,1.64668279e-09,
1.32000000e-01,7.11608550e-11,1.68576264e-09,
1.33000000e-01,7.28626048e-11,1.72484249e-09,
1.34000000e-01,7.46105400e-11,1.76925141e-09,
1.35000000e-01,7.64011077e-11,1.81366033e-09,
1.36000000e-01,7.82378606e-11,1.85451654e-09,
1.37000000e-01,8.01101407e-11,1.90070182e-09,
1.38000000e-01,8.20392643e-11,1.95043981e-09,
1.39000000e-01,8.40110204e-11,1.99129602e-09,
1.40000000e-01,8.60218563e-11,2.03925765e-09,
1.41000000e-01,8.80895357e-11,2.09432471e-09,
1.42000000e-01,9.02105057e-11,2.14761542e-09,
1.43000000e-01,9.23847665e-11,2.19735341e-09,
1.44000000e-01,9.46052126e-11,2.24531505e-09,
1.45000000e-01,9.68753966e-11,2.30393482e-09,
1.46000000e-01,9.92130822e-11,2.36433095e-09,
1.47000000e-01,1.01604059e-10,2.41939802e-09,
1.48000000e-01,1.04051878e-10,2.47801779e-09,
1.49000000e-01,1.06560094e-10,2.53841392e-09,
1.50000000e-01,1.09128706e-10,2.59525734e-09,
1.51000000e-01,1.11750609e-10,2.65742983e-09,
1.52000000e-01,1.14443566e-10,2.72848411e-09,
1.53000000e-01,1.17207577e-10,2.79598567e-09,
1.54000000e-01,1.20035537e-10,2.86171087e-09,
1.55000000e-01,1.22930999e-10,2.92921243e-09,
1.56000000e-01,1.25893962e-10,3.00559577e-09,
1.57000000e-01,1.28942190e-10,3.07842640e-09,
1.58000000e-01,1.32050815e-10,3.15125703e-09,
1.59000000e-01,1.35244704e-10,3.23119309e-09,
1.60000000e-01,1.38513201e-10,3.30757643e-09,
1.61000000e-01,1.41859857e-10,3.38751249e-09,
1.62000000e-01,1.45288226e-10,3.46922491e-09,
1.63000000e-01,1.48798307e-10,3.55271368e-09,
1.64000000e-01,1.52393653e-10,3.63797881e-09,
1.65000000e-01,1.56074265e-10,3.73034936e-09,
1.66000000e-01,1.59854352e-10,3.82271992e-09,
1.67000000e-01,1.63719704e-10,3.91153776e-09,
1.68000000e-01,1.67677427e-10,4.00746103e-09,
1.69000000e-01,1.71734627e-10,4.10871337e-09,
1.70000000e-01,1.75894854e-10,4.20818935e-09,
1.71000000e-01,1.80151005e-10,4.30766534e-09,
1.72000000e-01,1.84510185e-10,4.41424675e-09,
1.73000000e-01,1.88979499e-10,4.52260451e-09,
1.74000000e-01,1.93555394e-10,4.63096228e-09,
1.75000000e-01,1.98241423e-10,4.74464912e-09,
1.76000000e-01,2.03044692e-10,4.86011231e-09,
1.77000000e-01,2.07961648e-10,4.97735186e-09,
1.78000000e-01,2.12999396e-10,5.09814413e-09,
1.79000000e-01,2.18157936e-10,5.22248911e-09,
1.80000000e-01,2.23444374e-10,5.35038680e-09,
1.81000000e-01,2.28858710e-10,5.48183721e-09,
1.82000000e-01,2.34408049e-10,5.61684033e-09,
1.83000000e-01,2.40092390e-10,5.75361980e-09,
1.84000000e-01,2.45915288e-10,5.89217564e-09,
1.85000000e-01,2.51876742e-10,6.03073147e-09,
1.86000000e-01,2.57976751e-10,6.17816909e-09,
1.87000000e-01,2.64233080e-10,6.33626485e-09,
1.88000000e-01,2.70649281e-10,6.48903153e-09,
1.89000000e-01,2.77211143e-10,6.64357458e-09,
1.90000000e-01,2.83936430e-10,6.80522305e-09,
1.91000000e-01,2.90821589e-10,6.97042424e-09,
1.92000000e-01,2.97877278e-10,7.14095449e-09,
1.93000000e-01,3.05103498e-10,7.31681382e-09,
1.94000000e-01,3.12510906e-10,7.49622586e-09,
1.95000000e-01,3.20095950e-10,7.67386155e-09,
1.96000000e-01,3.27858629e-10,7.86215537e-09,
1.97000000e-01,3.35820260e-10,8.05577827e-09,
1.98000000e-01,3.43970186e-10,8.25295388e-09,
1.99000000e-01,3.52326168e-10,8.45368220e-09,
2.00000000e-01,3.60877550e-10,8.65441052e-09,
2.01000000e-01,3.69634989e-10,8.86579699e-09,
2.02000000e-01,3.78609144e-10,9.08428888e-09,
2.03000000e-01,3.87803567e-10,9.30455712e-09,
2.04000000e-01,3.97218258e-10,9.53015444e-09,
2.05000000e-01,4.06863876e-10,9.76463355e-09,
2.06000000e-01,4.16747525e-10,1.00026654e-08,
2.07000000e-01,4.26869207e-10,1.02424735e-08,
2.08000000e-01,4.37232472e-10,1.04893871e-08,
2.09000000e-01,4.47847981e-10,1.07522879e-08,
2.10000000e-01,4.58737048e-10,1.10134124e-08,
2.11000000e-01,4.69874806e-10,1.12780896e-08,
2.12000000e-01,4.81293227e-10,1.15534249e-08,
2.13000000e-01,4.92981655e-10,1.18323129e-08,
2.14000000e-01,5.04957853e-10,1.21200827e-08,
2.15000000e-01,5.17221821e-10,1.24149580e-08,
2.16000000e-01,5.29787769e-10,1.27204913e-08,
2.17000000e-01,5.42662804e-10,1.30260247e-08,
2.18000000e-01,5.55839819e-10,1.33439926e-08,
2.19000000e-01,5.69350789e-10,1.36726186e-08,
2.20000000e-01,5.83185056e-10,1.40030210e-08,
2.21000000e-01,5.97356831e-10,1.43440815e-08,
2.22000000e-01,6.11873219e-10,1.46922474e-08,
2.23000000e-01,6.26741326e-10,1.50457424e-08,
2.24000000e-01,6.41964704e-10,1.54116719e-08,
2.25000000e-01,6.57564669e-10,1.57882596e-08,
2.26000000e-01,6.73541223e-10,1.61772817e-08,
2.27000000e-01,6.89919233e-10,1.65716330e-08,
2.28000000e-01,7.06684489e-10,1.69677605e-08,
2.29000000e-01,7.23854754e-10,1.73798753e-08,
2.30000000e-01,7.41444239e-10,1.78044246e-08,
2.31000000e-01,7.59463603e-10,1.82414084e-08,
2.32000000e-01,7.77927056e-10,1.86854976e-08,
2.33000000e-01,7.96834598e-10,1.91349159e-08,
2.34000000e-01,8.16196888e-10,1.95985450e-08,
2.35000000e-01,8.36031688e-10,2.00763850e-08,
2.36000000e-01,8.56349658e-10,2.05666595e-08,
2.37000000e-01,8.77165007e-10,2.10693685e-08,
2.38000000e-01,8.98488395e-10,2.15774065e-08,
2.39000000e-01,9.20319820e-10,2.21014318e-08,
2.40000000e-01,9.42691258e-10,2.26396679e-08,
2.41000000e-01,9.65599156e-10,2.31903385e-08,
2.42000000e-01,9.89071935e-10,2.37552200e-08,
2.43000000e-01,1.01310960e-09,2.43307596e-08,
2.44000000e-01,1.03773345e-09,2.49222865e-08,
2.45000000e-01,1.06295417e-09,2.55298005e-08,
2.46000000e-01,1.08879306e-09,2.61479727e-08,
2.47000000e-01,1.11525011e-09,2.67821321e-08,
2.48000000e-01,1.14235732e-09,2.74358314e-08,
2.49000000e-01,1.17012178e-09,2.81001888e-08,
2.50000000e-01,1.19855770e-09,2.87840862e-08,
2.51000000e-01,1.22768995e-09,2.94839708e-08,
2.52000000e-01,1.25752564e-09,3.01998426e-08,
2.53000000e-01,1.28808963e-09,3.09352544e-08,
2.54000000e-01,1.31939615e-09,3.16831006e-08,
2.55000000e-01,1.35145584e-09,3.24558158e-08,
2.56000000e-01,1.38430778e-09,3.32445182e-08,
2.57000000e-01,1.41794487e-09,3.40492079e-08,
2.58000000e-01,1.45240620e-09,3.48787665e-08,
2.59000000e-01,1.48770241e-09,3.57225360e-08,
2.60000000e-01,1.52385127e-09,3.65876218e-08,
2.61000000e-01,1.56087765e-09,3.74793530e-08,
2.62000000e-01,1.59880997e-09,3.83924004e-08,
2.63000000e-01,1.63766245e-09,3.93214350e-08,
2.64000000e-01,1.67745284e-09,4.02753386e-08,
2.65000000e-01,1.71821313e-09,4.12541112e-08,
2.66000000e-01,1.75996107e-09,4.22542001e-08,
2.67000000e-01,1.80272153e-09,4.32791580e-08,
2.68000000e-01,1.84651938e-09,4.43360904e-08,
2.69000000e-01,1.89139371e-09,4.54072335e-08,
2.70000000e-01,1.93733385e-09,4.65050221e-08,
2.71000000e-01,1.98440375e-09,4.76383377e-08,
2.72000000e-01,2.03261052e-09,4.87947460e-08,
2.73000000e-01,2.08199324e-09,4.99813524e-08,
2.74000000e-01,2.13257323e-09,5.11874987e-08,
2.75000000e-01,2.18436824e-09,5.24309485e-08,
2.76000000e-01,2.23743513e-09,5.37063727e-08,
2.77000000e-01,2.29178099e-09,5.50084422e-08,
2.78000000e-01,2.34745201e-09,5.63407099e-08,
2.79000000e-01,2.40446241e-09,5.77085046e-08,
2.80000000e-01,2.46286902e-09,5.91118265e-08,
2.81000000e-01,2.52268606e-09,6.05400174e-08,
2.82000000e-01,2.58394905e-09,6.20072882e-08,
2.83000000e-01,2.64670064e-09,6.35154151e-08,
2.84000000e-01,2.71097989e-09,6.50537402e-08,
2.85000000e-01,2.77680812e-09,6.66275923e-08,
2.86000000e-01,2.84423507e-09,6.82423007e-08,
2.87000000e-01,2.91329272e-09,6.98978653e-08,
2.88000000e-01,2.98403080e-09,7.15942861e-08,
2.89000000e-01,3.05648129e-09,7.33297867e-08,
2.90000000e-01,3.13069037e-09,7.51043672e-08,
2.91000000e-01,3.20669002e-09,7.69251329e-08,
2.92000000e-01,3.28454064e-09,7.87920840e-08,
2.93000000e-01,3.36427419e-09,8.06998912e-08,
2.94000000e-01,3.44594042e-09,8.26538837e-08,
2.95000000e-01,3.52958196e-09,8.46540615e-08,
2.96000000e-01,3.61524854e-09,8.67075300e-08,
2.97000000e-01,3.70299702e-09,8.88071838e-08,
2.98000000e-01,3.79286291e-09,9.09565756e-08,
2.99000000e-01,3.88491017e-09,9.31610344e-08,
3.00000000e-01,3.97918498e-09,9.54152313e-08,
3.01000000e-01,4.07574063e-09,9.77244952e-08,
3.02000000e-01,4.17463397e-09,1.00092379e-07,
3.03000000e-01,4.27592539e-09,1.02513553e-07,
3.04000000e-01,4.37966108e-09,1.04993347e-07,
3.05000000e-01,4.48591209e-09,1.07537090e-07,
3.06000000e-01,4.59473526e-09,1.10143006e-07,
3.07000000e-01,4.70619810e-09,1.12805765e-07,
3.08000000e-01,4.82034679e-09,1.15532472e-07,
3.09000000e-01,4.93726304e-09,1.18328458e-07,
3.10000000e-01,5.05700370e-09,1.21193722e-07,
3.11000000e-01,5.17965049e-09,1.24122934e-07,
3.12000000e-01,5.30524957e-09,1.27126754e-07,
3.13000000e-01,5.43390399e-09,1.30201627e-07,
3.14000000e-01,5.56565283e-09,1.33344003e-07,
3.15000000e-01,5.70059200e-09,1.36569867e-07,
3.16000000e-01,5.83879256e-09,1.39873890e-07,
3.17000000e-01,5.98033978e-09,1.43254297e-07,
3.18000000e-01,6.12530116e-09,1.46718193e-07,
3.19000000e-01,6.27377617e-09,1.50263801e-07,
3.20000000e-01,6.42582876e-09,1.53894675e-07,
3.21000000e-01,6.58156551e-09,1.57612590e-07,
3.22000000e-01,6.74105394e-09,1.61417546e-07,
3.23000000e-01,6.90440061e-09,1.65318426e-07,
3.24000000e-01,7.07169079e-09,1.69313452e-07,
3.25000000e-01,7.24302751e-09,1.73400849e-07,
3.26000000e-01,7.41849249e-09,1.77589499e-07,
3.27000000e-01,7.59820651e-09,1.81879400e-07,
3.28000000e-01,7.78225129e-09,1.86265225e-07,
3.29000000e-01,7.97073696e-09,1.90762961e-07,
3.30000000e-01,8.16377721e-09,1.95367278e-07,
3.31000000e-01,8.36147152e-09,2.00083505e-07,
3.32000000e-01,8.56394422e-09,2.04913420e-07,
3.33000000e-01,8.77129835e-09,2.09855244e-07,
3.34000000e-01,8.98365471e-09,2.14914309e-07,
3.35000000e-01,9.20112697e-09,2.20097718e-07,
3.36000000e-01,9.42385014e-09,2.25409025e-07,
3.37000000e-01,9.65194502e-09,2.30844677e-07,
3.38000000e-01,9.88553950e-09,2.36408226e-07,
3.39000000e-01,1.01247615e-08,2.42108555e-07,
3.40000000e-01,1.03697566e-08,2.47945664e-07,
3.41000000e-01,1.06206528e-08,2.53921328e-07,
3.42000000e-01,1.08775993e-08,2.60037325e-07,
3.43000000e-01,1.11407275e-08,2.66298983e-07,
3.44000000e-01,1.14101972e-08,2.72716960e-07,
3.45000000e-01,1.16861614e-08,2.79284151e-07,
3.46000000e-01,1.19687655e-08,2.86011215e-07,
3.47000000e-01,1.22581838e-08,2.92896374e-07,
3.48000000e-01,1.25545583e-08,2.99946734e-07,
3.49000000e-01,1.28580773e-08,3.07172954e-07,
3.50000000e-01,1.31689042e-08,3.14559045e-07,
3.51000000e-01,1.34871954e-08,3.22126326e-07,
3.52000000e-01,1.38131568e-08,3.29881900e-07,
3.53000000e-01,1.41469592e-08,3.37813333e-07,
3.54000000e-01,1.44887835e-08,3.45938389e-07,
3.55000000e-01,1.48388359e-08,3.54257068e-07,
3.56000000e-01,1.51972976e-08,3.62772923e-07,
3.57000000e-01,1.55643818e-08,3.71494835e-07,
3.58000000e-01,1.59402873e-08,3.80422804e-07,
3.59000000e-01,1.63252274e-08,3.89563937e-07,
3.60000000e-01,1.67194152e-08,3.98923561e-07,
3.61000000e-01,1.71230745e-08,4.08508782e-07,
3.62000000e-01,1.75364328e-08,4.18316048e-07,
3.63000000e-01,1.79597066e-08,4.28356017e-07,
3.64000000e-01,1.83931448e-08,4.38642900e-07,
3.65000000e-01,1.88369924e-08,4.49173143e-07,
3.66000000e-01,1.92914911e-08,4.59952076e-07,
3.67000000e-01,1.97568966e-08,4.70985029e-07,
3.68000000e-01,2.02334611e-08,4.82282658e-07,
3.69000000e-01,2.07214619e-08,4.93852070e-07,
3.70000000e-01,2.12211653e-08,5.05691489e-07,
3.71000000e-01,2.17328449e-08,5.17816900e-07,
3.72000000e-01,2.22567991e-08,5.30228306e-07,
3.73000000e-01,2.27933015e-08,5.42931033e-07,
3.74000000e-01,2.33426611e-08,5.55939295e-07,
3.75000000e-01,2.39051801e-08,5.69254865e-07,
3.76000000e-01,2.44811709e-08,5.82890181e-07,
3.77000000e-01,2.50709604e-08,5.96847016e-07,
3.78000000e-01,2.56748649e-08,6.11130702e-07,
3.79000000e-01,2.62932218e-08,6.25753671e-07,
3.80000000e-01,2.69263722e-08,6.40730136e-07,
3.81000000e-01,2.75746821e-08,6.56054766e-07,
3.82000000e-01,2.82384818e-08,6.71739997e-07,
3.83000000e-01,2.89181621e-08,6.87807145e-07,
3.84000000e-01,2.96140961e-08,7.04249103e-07,
3.85000000e-01,3.03266603e-08,7.21072979e-07,
3.86000000e-01,3.10562420e-08,7.38301864e-07,
3.87000000e-01,3.18032640e-08,7.55937535e-07,
3.88000000e-01,3.25681171e-08,7.73988873e-07,
3.89000000e-01,3.33512418e-08,7.92468313e-07,
3.90000000e-01,3.41530537e-08,8.11379408e-07,
3.91000000e-01,3.49740006e-08,8.30739921e-07,
3.92000000e-01,3.58145336e-08,8.50560511e-07,
3.93000000e-01,3.66751216e-08,8.70844730e-07,
3.94000000e-01,3.75562230e-08,8.91608565e-07,
3.95000000e-01,3.84583387e-08,9.12859122e-07,
3.96000000e-01,3.93819413e-08,9.34610611e-07,
3.97000000e-01,4.03275600e-08,9.56877244e-07,
3.98000000e-01,4.12956958e-08,9.79662573e-07,
3.99000000e-01,4.22868851e-08,1.00299147e-06,
4.00000000e-01,4.33016787e-08,1.02686748e-06,
4.01000000e-01,4.43406201e-08,1.05129772e-06,
4.02000000e-01,4.54042741e-08,1.07630171e-06,
4.03000000e-01,4.64932235e-08,1.10189724e-06,
4.04000000e-01,4.76080686e-08,1.12809850e-06,
4.05000000e-01,4.87494205e-08,1.15490906e-06,
4.06000000e-01,4.99178867e-08,1.18234489e-06,
4.07000000e-01,5.11141103e-08,1.21042909e-06,
4.08000000e-01,5.23387449e-08,1.23917232e-06,
4.09000000e-01,5.35924549e-08,1.26858346e-06,
4.10000000e-01,5.48759118e-08,1.29868383e-06,
4.11000000e-01,5.61898226e-08,1.32949296e-06,
4.12000000e-01,5.75348977e-08,1.36101796e-06,
4.13000000e-01,5.89118585e-08,1.39327483e-06,
4.14000000e-01,6.03214474e-08,1.42629020e-06,
4.15000000e-01,6.17644389e-08,1.46008361e-06,
4.16000000e-01,6.32416146e-08,1.49466395e-06,
4.17000000e-01,6.47537668e-08,1.53004187e-06,
4.18000000e-01,6.63016984e-08,1.56624225e-06,
4.19000000e-01,6.78862513e-08,1.60329350e-06,
4.20000000e-01,6.95082853e-08,1.64120983e-06,
4.21000000e-01,7.11686710e-08,1.68000369e-06,
4.22000000e-01,7.28682927e-08,1.71969816e-06,
4.23000000e-01,7.46080673e-08,1.76031811e-06,
4.24000000e-01,7.63889290e-08,1.80187953e-06,
4.25000000e-01,7.82118263e-08,1.84440729e-06,
4.26000000e-01,8.00777435e-08,1.88792626e-06,
4.27000000e-01,8.19876789e-08,1.93244887e-06,
4.28000000e-01,8.39426413e-08,1.97800354e-06,
4.29000000e-01,8.59436859e-08,2.02461337e-06,
4.30000000e-01,8.79918680e-08,2.07229967e-06,
4.31000000e-01,9.00882853e-08,2.12109441e-06,
4.32000000e-01,9.22340568e-08,2.17101181e-06,
4.33000000e-01,9.44303089e-08,2.22208740e-06,
4.34000000e-01,9.66782316e-08,2.27434427e-06,
4.35000000e-01,9.89789974e-08,2.32780017e-06,
4.36000000e-01,1.01333832e-07,2.38248887e-06,
4.37000000e-01,1.03743975e-07,2.43843701e-06,
4.38000000e-01,1.06210706e-07,2.49568011e-06,
4.39000000e-01,1.08735335e-07,2.55423949e-06,
4.40000000e-01,1.11319185e-07,2.61414002e-06,
4.41000000e-01,1.13963615e-07,2.67541900e-06,
4.42000000e-01,1.16670023e-07,2.73810485e-06,
4.43000000e-01,1.19439825e-07,2.80222778e-06,
4.44000000e-01,1.22274479e-07,2.86782509e-06,
4.45000000e-01,1.25175475e-07,2.93492164e-06,
4.46000000e-01,1.28144322e-07,3.00355651e-06,
4.47000000e-01,1.31182588e-07,3.07376524e-06,
4.48000000e-01,1.34291852e-07,3.14557269e-06,
4.49000000e-01,1.37473734e-07,3.21901794e-06,
4.50000000e-01,1.40729888e-07,3.29414540e-06,
4.51000000e-01,1.44062025e-07,3.37098882e-06,
4.52000000e-01,1.47471866e-07,3.44957840e-06,
4.53000000e-01,1.50961181e-07,3.52995855e-06,
4.54000000e-01,1.54531783e-07,3.61216657e-06,
4.55000000e-01,1.58185514e-07,3.69624331e-06,
4.56000000e-01,1.61924270e-07,3.78223142e-06,
4.57000000e-01,1.65749977e-07,3.87017351e-06,
4.58000000e-01,1.69664617e-07,3.96010336e-06,
4.59000000e-01,1.73670184e-07,4.05207601e-06,
4.60000000e-01,1.77768769e-07,4.14613055e-06,
4.61000000e-01,1.81962445e-07,4.24231139e-06,
4.62000000e-01,1.86253391e-07,4.34066827e-06,
4.63000000e-01,1.90643782e-07,4.44123849e-06,
4.64000000e-01,1.95135868e-07,4.54407889e-06,
4.65000000e-01,1.99731939e-07,4.64924454e-06,
4.66000000e-01,2.04434357e-07,4.75677631e-06,
4.67000000e-01,2.09245492e-07,4.86671681e-06,
4.68000000e-01,2.14167791e-07,4.97914066e-06,
4.69000000e-01,2.19203773e-07,5.09408338e-06,
4.70000000e-01,2.24355958e-07,5.21159471e-06,
4.71000000e-01,2.29626963e-07,5.33175282e-06,
4.72000000e-01,2.35019463e-07,5.45460033e-06,
4.73000000e-01,2.40536163e-07,5.58018520e-06,
4.74000000e-01,2.46179834e-07,5.70858028e-06,
4.75000000e-01,2.51953324e-07,5.83984239e-06,
4.76000000e-01,2.57859519e-07,5.97403194e-06,
4.77000000e-01,2.63901388e-07,6.11120754e-06,
4.78000000e-01,2.70081934e-07,6.25143137e-06,
4.79000000e-01,2.76404251e-07,6.39477804e-06,
4.80000000e-01,2.82871490e-07,6.54130261e-06,
4.81000000e-01,2.89486856e-07,6.69107436e-06,
4.82000000e-01,2.96253639e-07,6.84417145e-06,
4.83000000e-01,3.03175199e-07,7.00064540e-06,
4.84000000e-01,3.10254929e-07,7.16057968e-06,
4.85000000e-01,3.17496358e-07,7.32405780e-06,
4.86000000e-01,3.24903045e-07,7.49112239e-06,
4.87000000e-01,3.32478603e-07,7.66187114e-06,
4.88000000e-01,3.40226787e-07,7.83638043e-06,
4.89000000e-01,3.48151364e-07,8.01471778e-06,
4.90000000e-01,3.56256223e-07,8.19697021e-06,
4.91000000e-01,3.64545304e-07,8.38321945e-06,
4.92000000e-01,3.73022662e-07,8.57354721e-06,
4.93000000e-01,3.81692399e-07,8.76802631e-06,
4.94000000e-01,3.90558714e-07,8.96675800e-06,
4.95000000e-01,3.99625915e-07,9.16982756e-06,
4.96000000e-01,4.08898369e-07,9.37731492e-06,
4.97000000e-01,4.18380544e-07,9.58931246e-06,
4.98000000e-01,4.28076994e-07,9.80591608e-06,
4.99000000e-01,4.37992377e-07,1.00272164e-05,
5.00000000e-01,4.48131427e-07,1.02533146e-05,
5.01000000e-01,4.58499006e-07,1.04843032e-05,
5.02000000e-01,4.69100033e-07,1.07202744e-05,
5.03000000e-01,4.79939555e-07,1.09613456e-05,
5.04000000e-01,4.91022725e-07,1.12076073e-05,
5.05000000e-01,5.02354769e-07,1.14591572e-05,
5.06000000e-01,5.13941039e-07,1.17161161e-05,
5.07000000e-01,5.25787001e-07,1.19785906e-05,
5.08000000e-01,5.37898220e-07,1.22466801e-05,
5.09000000e-01,5.50280362e-07,1.25205037e-05,
5.10000000e-01,5.62939228e-07,1.28001769e-05,
5.11000000e-01,5.75880716e-07,1.30858062e-05,
5.12000000e-01,5.89110840e-07,1.33775249e-05,
5.13000000e-01,6.02635765e-07,1.36754377e-05,
5.14000000e-01,6.16461715e-07,1.39796636e-05,
5.15000000e-01,6.30595093e-07,1.42903467e-05,
5.16000000e-01,6.45042409e-07,1.46076005e-05,
5.17000000e-01,6.59810294e-07,1.49315511e-05,
5.18000000e-01,6.74905511e-07,1.52623265e-05,
5.19000000e-01,6.90334947e-07,1.56000652e-05,
5.20000000e-01,7.06105642e-07,1.59449094e-05,
5.21000000e-01,7.22224765e-07,1.62969815e-05,
5.22000000e-01,7.38699605e-07,1.66564220e-05,
5.23000000e-01,7.55537609e-07,1.70233783e-05,
5.24000000e-01,7.72746361e-07,1.73979888e-05,
5.25000000e-01,7.90333587e-07,1.77804100e-05,
5.26000000e-01,8.08307181e-07,1.81707787e-05,
5.27000000e-01,8.26675144e-07,1.85692439e-05,
5.28000000e-01,8.45445669e-07,1.89759728e-05,
5.29000000e-01,8.64627090e-07,1.93911145e-05,
5.30000000e-01,8.84227898e-07,1.98148129e-05,
5.31000000e-01,9.04256716e-07,2.02472403e-05,
5.32000000e-01,9.24722379e-07,2.06885726e-05,
5.33000000e-01,9.45633861e-07,2.11389573e-05,
5.34000000e-01,9.67000293e-07,2.15985594e-05,
5.35000000e-01,9.88830980e-07,2.20675584e-05,
5.36000000e-01,1.01113541e-06,2.25461303e-05,
5.37000000e-01,1.03392324e-06,2.30344455e-05,
5.38000000e-01,1.05720430e-06,2.35326763e-05,
5.39000000e-01,1.08098859e-06,2.40410127e-05,
5.40000000e-01,1.10528633e-06,2.45596414e-05,
5.41000000e-01,1.13010788e-06,2.50887346e-05,
5.42000000e-01,1.15546380e-06,2.56284931e-05,
5.43000000e-01,1.18136486e-06,2.61791051e-05,
5.44000000e-01,1.20782201e-06,2.67407607e-05,
5.45000000e-01,1.23484638e-06,2.73136642e-05,
5.46000000e-01,1.26244933e-06,2.78980092e-05,
5.47000000e-01,1.29064240e-06,2.84939965e-05,
5.48000000e-01,1.31943733e-06,2.91018374e-05,
5.49000000e-01,1.34884608e-06,2.97217468e-05,
5.50000000e-01,1.37888082e-06,3.03539203e-05,
5.51000000e-01,1.40955392e-06,3.09985833e-05,
5.52000000e-01,1.44087799e-06,3.16559454e-05,
5.53000000e-01,1.47286581e-06,3.23262235e-05,
5.54000000e-01,1.50553043e-06,3.30096572e-05,
5.55000000e-01,1.53888512e-06,3.37064545e-05,
5.56000000e-01,1.57294334e-06,3.44168463e-05,
5.57000000e-01,1.60771881e-06,3.51410669e-05,
5.58000000e-01,1.64322548e-06,3.58793546e-05,
5.59000000e-01,1.67947752e-06,3.66319419e-05,
5.60000000e-01,1.71648936e-06,3.73990652e-05,
5.61000000e-01,1.75427565e-06,3.81809766e-05,
5.62000000e-01,1.79285131e-06,3.89779125e-05,
5.63000000e-01,1.83223148e-06,3.97901232e-05,
5.64000000e-01,1.87243156e-06,4.06178717e-05,
5.65000000e-01,1.91346722e-06,4.14613996e-05,
5.66000000e-01,1.95535436e-06,4.23209645e-05,
5.67000000e-01,1.99810915e-06,4.31968417e-05,
5.68000000e-01,2.04174804e-06,4.40892745e-05,
5.69000000e-01,2.08628770e-06,4.49985453e-05,
5.70000000e-01,2.13174513e-06,4.59249172e-05,
5.71000000e-01,2.17813754e-06,4.68686583e-05,
5.72000000e-01,2.22548245e-06,4.78300564e-05,
5.73000000e-01,2.27379765e-06,4.88093779e-05,
5.74000000e-01,2.32310121e-06,4.98069017e-05,
5.75000000e-01,2.37341145e-06,5.08229228e-05,
5.76000000e-01,2.42474705e-06,5.18577377e-05,
5.77000000e-01,2.47712693e-06,5.29116004e-05,
5.78000000e-01,2.53057025e-06,5.39848273e-05,
5.79000000e-01,2.58509658e-06,5.50777219e-05,
5.80000000e-01,2.64072570e-06,5.61905651e-05,
5.81000000e-01,2.69747771e-06,5.73236658e-05,
5.82000000e-01,2.75537303e-06,5.84773225e-05,
5.83000000e-01,2.81443236e-06,5.96518515e-05,
5.84000000e-01,2.87467673e-06,6.08475599e-05,
5.85000000e-01,2.93612748e-06,6.20647462e-05,
5.86000000e-01,2.99880622e-06,6.33037391e-05,
5.87000000e-01,3.06273495e-06,6.45648601e-05,
5.88000000e-01,3.12793594e-06,6.58484147e-05,
5.89000000e-01,3.19443178e-06,6.71547298e-05,
5.90000000e-01,3.26224540e-06,6.84841339e-05,
5.91000000e-01,3.33140005e-06,6.98369522e-05,
5.92000000e-01,3.40191931e-06,7.12135169e-05,
5.93000000e-01,3.47382709e-06,7.26141600e-05,
5.94000000e-01,3.54714763e-06,7.40392139e-05,
5.95000000e-01,3.62190551e-06,7.54890106e-05,
5.96000000e-01,3.69812565e-06,7.69639037e-05,
5.97000000e-01,3.77583332e-06,7.84642307e-05,
5.98000000e-01,3.85505411e-06,7.99903237e-05,
5.99000000e-01,3.93581397e-06,8.15425434e-05,
6.00000000e-01,4.01813920e-06,8.31212219e-05,
6.01000000e-01,4.10205641e-06,8.47267234e-05,
6.02000000e-01,4.18759264e-06,8.63593996e-05,
6.03000000e-01,4.27477521e-06,8.80195934e-05,
6.04000000e-01,4.36363183e-06,8.97076706e-05,
6.05000000e-01,4.45419055e-06,9.14239777e-05,
6.06000000e-01,4.54647979e-06,9.31688913e-05,
6.07000000e-01,4.64052833e-06,9.49427648e-05,
6.08000000e-01,4.73636532e-06,9.67459446e-05,
6.09000000e-01,4.83402022e-06,9.85788127e-05,
6.10000000e-01,4.93352294e-06,1.00441737e-04,
6.11000000e-01,5.03490370e-06,1.02335076e-04,
6.12000000e-01,5.13819309e-06,1.04259190e-04,
6.13000000e-01,5.24342208e-06,1.06214459e-04,
6.14000000e-01,5.35062201e-06,1.08201258e-04,
6.15000000e-01,5.45982459e-06,1.10219940e-04,
6.16000000e-01,5.57106189e-06,1.12270895e-04,
6.17000000e-01,5.68436638e-06,1.14354494e-04,
6.18000000e-01,5.79977088e-06,1.16471092e-04,
6.19000000e-01,5.91730857e-06,1.18621085e-04,
6.20000000e-01,6.03701305e-06,1.20804840e-04,
6.21000000e-01,6.15891825e-06,1.23022726e-04,
6.22000000e-01,6.28305850e-06,1.25275124e-04,
6.23000000e-01,6.40946849e-06,1.27562409e-04,
6.24000000e-01,6.53818332e-06,1.29884965e-04,
6.25000000e-01,6.66923842e-06,1.32243150e-04,
6.26000000e-01,6.80266962e-06,1.34637352e-04,
6.27000000e-01,6.93851313e-06,1.37067953e-04,
6.28000000e-01,7.07680552e-06,1.39535313e-04,
6.29000000e-01,7.21758375e-06,1.42039809e-04,
6.30000000e-01,7.36088514e-06,1.44581822e-04,
6.31000000e-01,7.50674740e-06,1.47161717e-04,
6.32000000e-01,7.65520858e-06,1.49779879e-04,
6.33000000e-01,7.80630716e-06,1.52436677e-04,
6.34000000e-01,7.96008193e-06,1.55132467e-04,
6.35000000e-01,8.11657209e-06,1.57867625e-04,
6.36000000e-01,8.27581718e-06,1.60642525e-04,
6.37000000e-01,8.43785714e-06,1.63457534e-04,
6.38000000e-01,8.60273225e-06,1.66313010e-04,
6.39000000e-01,8.77048316e-06,1.69209324e-04,
6.40000000e-01,8.94115090e-06,1.72146830e-04,
6.41000000e-01,9.11477682e-06,1.75125880e-04,
6.42000000e-01,9.29140266e-06,1.78146843e-04,
6.43000000e-01,9.47107051e-06,1.81210078e-04,
6.44000000e-01,9.65382281e-06,1.84315917e-04,
6.45000000e-01,9.83970234e-06,1.87464725e-04,
6.46000000e-01,1.00287523e-05,1.90656854e-04,
6.47000000e-01,1.02210160e-05,1.93892632e-04,
6.48000000e-01,1.04165375e-05,1.97172414e-04,
6.49000000e-01,1.06153609e-05,2.00496521e-04,
6.50000000e-01,1.08175306e-05,2.03865287e-04,
6.51000000e-01,1.10230914e-05,2.07279063e-04,
6.52000000e-01,1.12320887e-05,2.10738161e-04,
6.53000000e-01,1.14445678e-05,2.14242899e-04,
6.54000000e-01,1.16605745e-05,2.17793609e-04,
6.55000000e-01,1.18801550e-05,2.21390600e-04,
6.56000000e-01,1.21033557e-05,2.25034178e-04,
6.57000000e-01,1.23302233e-05,2.28724646e-04,
6.58000000e-01,1.25608050e-05,2.32462304e-04,
6.59000000e-01,1.27951480e-05,2.36247466e-04,
6.60000000e-01,1.30332999e-05,2.40080398e-04,
6.61000000e-01,1.32753087e-05,2.43961399e-04,
6.62000000e-01,1.35212227e-05,2.47890760e-04,
6.63000000e-01,1.37710903e-05,2.51868721e-04,
6.64000000e-01,1.40249602e-05,2.55895571e-04,
6.65000000e-01,1.42828814e-05,2.59971582e-04,
6.66000000e-01,1.45449033e-05,2.64097007e-04,
6.67000000e-01,1.48110754e-05,2.68272078e-04,
6.68000000e-01,1.50814475e-05,2.72497044e-04,
6.69000000e-01,1.53560695e-05,2.76772161e-04,
6.70000000e-01,1.56349918e-05,2.81097638e-04,
6.71000000e-01,1.59182648e-05,2.85473707e-04,
6.72000000e-01,1.62059392e-05,2.89900584e-04,
6.73000000e-01,1.64980660e-05,2.94378470e-04,
6.74000000e-01,1.67946962e-05,2.98907571e-04,
6.75000000e-01,1.70958811e-05,3.03488084e-04,
6.76000000e-01,1.74016723e-05,3.08120196e-04,
6.77000000e-01,1.77121215e-05,3.12804074e-04,
6.78000000e-01,1.80272805e-05,3.17539891e-04,
6.79000000e-01,1.83472013e-05,3.22327804e-04,
6.80000000e-01,1.86719361e-05,3.27167969e-04,
6.81000000e-01,1.90015372e-05,3.32060528e-04,
6.82000000e-01,1.93360571e-05,3.37005613e-04,
6.83000000e-01,1.96755484e-05,3.42003352e-04,
6.84000000e-01,2.00200638e-05,3.47053852e-04,
6.85000000e-01,2.03696561e-05,3.52157237e-04,
6.86000000e-01,2.07243783e-05,3.57313592e-04,
6.87000000e-01,2.10842833e-05,3.62522989e-04,
6.88000000e-01,2.14494243e-05,3.67785528e-04,
6.89000000e-01,2.18198544e-05,3.73101264e-04,
6.90000000e-01,2.21956268e-05,3.78470245e-04,
6.91000000e-01,2.25767949e-05,3.83892537e-04,
6.92000000e-01,2.29634119e-05,3.89368154e-04,
6.93000000e-01,2.33555312e-05,3.94897137e-04,
6.94000000e-01,2.37532062e-05,4.00479488e-04,
6.95000000e-01,2.41564902e-05,4.06115205e-04,
6.96000000e-01,2.45654366e-05,4.11804294e-04,
6.97000000e-01,2.49800987e-05,4.17546719e-04,
6.98000000e-01,2.54005300e-05,4.23342458e-04,
6.99000000e-01,2.58267837e-05,4.29191456e-04,
7.00000000e-01,2.62589129e-05,4.35093673e-04,
7.01000000e-01,2.66969710e-05,4.41049028e-04,
7.02000000e-01,2.71410110e-05,4.47057447e-04,
7.03000000e-01,2.75910859e-05,4.53118844e-04,
7.04000000e-01,2.80472487e-05,4.59233092e-04,
7.05000000e-01,2.85095521e-05,4.65400092e-04,
7.06000000e-01,2.89780489e-05,4.71619714e-04,
7.07000000e-01,2.94527915e-05,4.77891822e-04,
7.08000000e-01,2.99338325e-05,4.84216253e-04,
7.09000000e-01,3.04212240e-05,4.90592829e-04,
7.10000000e-01,3.09150182e-05,4.97021391e-04,
7.11000000e-01,3.14152668e-05,5.03501735e-04,
7.12000000e-01,3.19220216e-05,5.10033651e-04,
7.13000000e-01,3.24353341e-05,5.16616927e-04,
7.14000000e-01,3.29552555e-05,5.23251321e-04,
7.15000000e-01,3.34818367e-05,5.29936591e-04,
7.16000000e-01,3.40151287e-05,5.36672490e-04,
7.17000000e-01,3.45551817e-05,5.43458727e-04,
7.18000000e-01,3.51020461e-05,5.50295024e-04,
7.19000000e-01,3.56557718e-05,5.57181083e-04,
7.20000000e-01,3.62164083e-05,5.64116577e-04,
7.21000000e-01,3.67840049e-05,5.71101197e-04,
7.22000000e-01,3.73586107e-05,5.78134602e-04,
7.23000000e-01,3.79402741e-05,5.85216419e-04,
7.24000000e-01,3.85290435e-05,5.92346298e-04,
7.25000000e-01,3.91249667e-05,5.99523862e-04,
7.26000000e-01,3.97280912e-05,6.06748694e-04,
7.27000000e-01,4.03384641e-05,6.14020401e-04,
7.28000000e-01,4.09561320e-05,6.21338563e-04,
7.29000000e-01,4.15811412e-05,6.28702734e-04,
7.30000000e-01,4.22135375e-05,6.36112475e-04,
7.31000000e-01,4.28533662e-05,6.43567327e-04,
7.32000000e-01,4.35006722e-05,6.51066804e-04,
7.33000000e-01,4.41554998e-05,6.58610421e-04,
7.34000000e-01,4.48178930e-05,6.66197677e-04,
7.35000000e-01,4.54878952e-05,6.73828058e-04,
7.36000000e-01,4.61655491e-05,6.81501033e-04,
7.37000000e-01,4.68508972e-05,6.89216057e-04,
7.38000000e-01,4.75439812e-05,6.96972588e-04,
7.39000000e-01,4.82448424e-05,7.04770054e-04,
7.40000000e-01,4.89535213e-05,7.12607873e-04,
7.41000000e-01,4.96700581e-05,7.20485454e-04,
7.42000000e-01,5.03944922e-05,7.28402195e-04,
7.43000000e-01,5.11268625e-05,7.36357475e-04,
7.44000000e-01,5.18672072e-05,7.44350665e-04,
7.45000000e-01,5.26155639e-05,7.52381135e-04,
7.46000000e-01,5.33719695e-05,7.60448229e-04,
7.47000000e-01,5.41364603e-05,7.68551280e-04,
7.48000000e-01,5.49090720e-05,7.76689609e-04,
7.49000000e-01,5.56898395e-05,7.84862532e-04,
7.50000000e-01,5.64787971e-05,7.93069356e-04,
7.51000000e-01,5.72759782e-05,8.01309374e-04,
7.52000000e-01,5.80814158e-05,8.09581870e-04,
7.53000000e-01,5.88951420e-05,8.17886100e-04,
7.54000000e-01,5.97171880e-05,8.26221333e-04,
7.55000000e-01,6.05475847e-05,8.34586830e-04,
7.56000000e-01,6.13863617e-05,8.42981825e-04,
7.57000000e-01,6.22335483e-05,8.51405543e-04,
7.58000000e-01,6.30891728e-05,8.59857215e-04,
7.59000000e-01,6.39532627e-05,8.68336059e-04,
7.60000000e-01,6.48258449e-05,8.76841266e-04,
7.61000000e-01,6.57069453e-05,8.85372044e-04,
7.62000000e-01,6.65965890e-05,8.93927584e-04,
7.63000000e-01,6.74948004e-05,9.02507059e-04,
7.64000000e-01,6.84016031e-05,9.11109650e-04,
7.65000000e-01,6.93170197e-05,9.19734514e-04,
7.66000000e-01,7.02410721e-05,9.28380828e-04,
7.67000000e-01,7.11737814e-05,9.37047735e-04,
7.68000000e-01,7.21151676e-05,9.45734371e-04,
7.69000000e-01,7.30652501e-05,9.54439894e-04,
7.70000000e-01,7.40240474e-05,9.63163432e-04,
7.71000000e-01,7.49915770e-05,9.71904115e-04,
7.72000000e-01,7.59678556e-05,9.80661074e-04,
7.73000000e-01,7.69528991e-05,9.89433422e-04,
7.74000000e-01,7.79467225e-05,9.98220276e-04,
7.75000000e-01,7.89493397e-05,1.00702076e-03,
7.76000000e-01,7.99607640e-05,1.01583397e-03,
7.77000000e-01,8.09810076e-05,1.02465901e-03,
7.78000000e-01,8.20100820e-05,1.03349499e-03,
7.79000000e-01,8.30479976e-05,1.04234102e-03,
7.80000000e-01,8.40947640e-05,1.05119617e-03,
7.81000000e-01,8.51503900e-05,1.06005957e-03,
7.82000000e-01,8.62148832e-05,1.06893028e-03,
7.83000000e-01,8.72882505e-05,1.07780742e-03,
7.84000000e-01,8.83704980e-05,1.08669008e-03,
7.85000000e-01,8.94616307e-05,1.09557734e-03,
7.86000000e-01,9.05616527e-05,1.10446829e-03,
7.87000000e-01,9.16705673e-05,1.11336204e-03,
7.88000000e-01,9.27883768e-05,1.12225768e-03,
7.89000000e-01,9.39150826e-05,1.13115429e-03,
7.90000000e-01,9.50506853e-05,1.14005098e-03,
7.91000000e-01,9.61951846e-05,1.14894684e-03,
7.92000000e-01,9.73485790e-05,1.15784096e-03,
7.93000000e-01,9.85108665e-05,1.16673246e-03,
7.94000000e-01,9.96820439e-05,1.17562045e-03,
7.95000000e-01,1.00862107e-04,1.18450401e-03,
7.96000000e-01,1.02051052e-04,1.19338226e-03,
7.97000000e-01,1.03248872e-04,1.20225434e-03,
7.98000000e-01,1.04455561e-04,1.21111934e-03,
7.99000000e-01,1.05671111e-04,1.21997639e-03,
8.00000000e-01,1.06895513e-04,1.22882463e-03,
8.01000000e-01,1.08128760e-04,1.23766317e-03,
8.02000000e-01,1.09370840e-04,1.24649117e-03,
8.03000000e-01,1.10621742e-04,1.25530777e-03,
8.04000000e-01,1.11881455e-04,1.26411211e-03,
8.05000000e-01,1.13149966e-04,1.27290336e-03,
8.06000000e-01,1.14427262e-04,1.28168067e-03,
8.07000000e-01,1.15713328e-04,1.29044323e-03,
8.08000000e-01,1.17008148e-04,1.29919020e-03,
8.09000000e-01,1.18311708e-04,1.30792076e-03,
8.10000000e-01,1.19623990e-04,1.31663411e-03,
8.11000000e-01,1.20944976e-04,1.32532946e-03,
8.12000000e-01,1.22274649e-04,1.33400600e-03,
8.13000000e-01,1.23612988e-04,1.34266297e-03,
8.14000000e-01,1.24959975e-04,1.35129958e-03,
8.15000000e-01,1.26315588e-04,1.35991507e-03,
8.16000000e-01,1.27679805e-04,1.36850867e-03,
8.17000000e-01,1.29052605e-04,1.37707966e-03,
8.18000000e-01,1.30433964e-04,1.38562728e-03,
8.19000000e-01,1.31823859e-04,1.39415081e-03,
8.20000000e-01,1.33222266e-04,1.40264955e-03,
8.21000000e-01,1.34629159e-04,1.41112277e-03,
8.22000000e-01,1.36044511e-04,1.41956979e-03,
8.23000000e-01,1.37468298e-04,1.42798991e-03,
8.24000000e-01,1.38900491e-04,1.43638246e-03,
8.25000000e-01,1.40341063e-04,1.44474679e-03,
8.26000000e-01,1.41789985e-04,1.45308224e-03,
8.27000000e-01,1.43247228e-04,1.46138817e-03,
8.28000000e-01,1.44712761e-04,1.46966395e-03,
8.29000000e-01,1.46186555e-04,1.47790895e-03,
8.30000000e-01,1.47668579e-04,1.48612258e-03,
8.31000000e-01,1.49158801e-04,1.49430424e-03,
8.32000000e-01,1.50657188e-04,1.50245335e-03,
8.33000000e-01,1.52163707e-04,1.51056933e-03,
8.34000000e-01,1.53678326e-04,1.51865164e-03,
8.35000000e-01,1.55201011e-04,1.52669972e-03,
8.36000000e-01,1.56731726e-04,1.53471303e-03,
8.37000000e-01,1.58270437e-04,1.54269108e-03,
8.38000000e-01,1.59817108e-04,1.55063332e-03,
8.39000000e-01,1.61371703e-04,1.55853929e-03,
8.40000000e-01,1.62934186e-04,1.56640849e-03,
8.41000000e-01,1.64504520e-04,1.57424045e-03,
8.42000000e-01,1.66082667e-04,1.58203470e-03,
8.43000000e-01,1.67668590e-04,1.58979082e-03,
8.44000000e-01,1.69262249e-04,1.59750836e-03,
8.45000000e-01,1.70863606e-04,1.60518690e-03,
8.46000000e-01,1.72472623e-04,1.61282604e-03,
8.47000000e-01,1.74089258e-04,1.62042538e-03,
8.48000000e-01,1.75713473e-04,1.62798454e-03,
8.49000000e-01,1.77345228e-04,1.63550315e-03,
8.50000000e-01,1.78984480e-04,1.64298085e-03,
8.51000000e-01,1.80631189e-04,1.65041730e-03,
8.52000000e-01,1.82285314e-04,1.65781218e-03,
8.53000000e-01,1.83946814e-04,1.66516515e-03,
8.54000000e-01,1.85615645e-04,1.67247590e-03,
8.55000000e-01,1.87291765e-04,1.67974416e-03,
8.56000000e-01,1.88975133e-04,1.68696964e-03,
8.57000000e-01,1.90665705e-04,1.69415207e-03,
8.58000000e-01,1.92363437e-04,1.70129118e-03,
8.59000000e-01,1.94068287e-04,1.70838674e-03,
8.60000000e-01,1.95780211e-04,1.71543853e-03,
8.61000000e-01,1.97499164e-04,1.72244630e-03,
8.62000000e-01,1.99225103e-04,1.72940985e-03,
8.63000000e-01,2.00957984e-04,1.73632900e-03,
8.64000000e-01,2.02697761e-04,1.74320355e-03,
8.65000000e-01,2.04444391e-04,1.75003333e-03,
8.66000000e-01,2.06197828e-04,1.75681818e-03,
8.67000000e-01,2.07958027e-04,1.76355795e-03,
8.68000000e-01,2.09724944e-04,1.77025250e-03,
8.69000000e-01,2.11498532e-04,1.77690171e-03,
8.70000000e-01,2.13278747e-04,1.78350544e-03,
8.71000000e-01,2.15065543e-04,1.79006361e-03,
8.72000000e-01,2.16858874e-04,1.79657611e-03,
8.73000000e-01,2.18658695e-04,1.80304287e-03,
8.74000000e-01,2.20464960e-04,1.80946380e-03,
8.75000000e-01,2.22277623e-04,1.81583885e-03,
8.76000000e-01,2.24096638e-04,1.82216796e-03,
8.77000000e-01,2.25921959e-04,1.82845108e-03,
8.78000000e-01,2.27753540e-04,1.83468820e-03,
8.79000000e-01,2.29591335e-04,1.84087927e-03,
8.80000000e-01,2.31435299e-04,1.84702430e-03,
8.81000000e-01,2.33285384e-04,1.85312327e-03,
8.82000000e-01,2.35141545e-04,1.85917619e-03,
8.83000000e-01,2.37003736e-04,1.86518308e-03,
8.84000000e-01,2.38871911e-04,1.87114397e-03,
8.85000000e-01,2.40746024e-04,1.87705887e-03,
8.86000000e-01,2.42626029e-04,1.88292784e-03,
8.87000000e-01,2.44511880e-04,1.88875093e-03,
8.88000000e-01,2.46403531e-04,1.89452818e-03,
8.89000000e-01,2.48300936e-04,1.90025969e-03,
8.90000000e-01,2.50204050e-04,1.90594550e-03,
8.91000000e-01,2.52112827e-04,1.91158571e-03,
8.92000000e-01,2.54027222e-04,1.91718041e-03,
8.93000000e-01,2.55947188e-04,1.92272971e-03,
8.94000000e-01,2.57872681e-04,1.92823368e-03,
8.95000000e-01,2.59803655e-04,1.93369247e-03,
8.96000000e-01,2.61740066e-04,1.93910619e-03,
8.97000000e-01,2.63681868e-04,1.94447495e-03,
8.98000000e-01,2.65629016e-04,1.94979890e-03,
8.99000000e-01,2.67581466e-04,1.95507818e-03,
9.00000000e-01,2.69539172e-04,1.96031293e-03,
9.01000000e-01,2.71502091e-04,1.96550330e-03,
9.02000000e-01,2.73470179e-04,1.97064946e-03,
9.03000000e-01,2.75443390e-04,1.97575157e-03,
9.04000000e-01,2.77421682e-04,1.98080980e-03,
9.05000000e-01,2.79405010e-04,1.98582433e-03,
9.06000000e-01,2.81393331e-04,1.99079533e-03,
9.07000000e-01,2.83386601e-04,1.99572300e-03,
9.08000000e-01,2.85384777e-04,2.00060753e-03,
9.09000000e-01,2.87387816e-04,2.00544912e-03,
9.10000000e-01,2.89395675e-04,2.01024795e-03,
9.11000000e-01,2.91408312e-04,2.01500426e-03,
9.12000000e-01,2.93425683e-04,2.01971825e-03,
9.13000000e-01,2.95447748e-04,2.02439011e-03,
9.14000000e-01,2.97474464e-04,2.02902009e-03,
9.15000000e-01,2.99505788e-04,2.03360841e-03,
9.16000000e-01,3.01541680e-04,2.03815528e-03,
9.17000000e-01,3.03582099e-04,2.04266095e-03,
9.18000000e-01,3.05627002e-04,2.04712564e-03,
9.19000000e-01,3.07676350e-04,2.05154960e-03,
9.20000000e-01,3.09730102e-04,2.05593308e-03,
9.21000000e-01,3.11788216e-04,2.06027630e-03,
9.22000000e-01,3.13850654e-04,2.06457952e-03,
9.23000000e-01,3.15917375e-04,2.06884300e-03,
9.24000000e-01,3.17988340e-04,2.07306698e-03,
9.25000000e-01,3.20063509e-04,2.07725173e-03,
9.26000000e-01,3.22142844e-04,2.08139749e-03,
9.27000000e-01,3.24226304e-04,2.08550454e-03,
9.28000000e-01,3.26313853e-04,2.08957313e-03,
9.29000000e-01,3.28405450e-04,2.09360354e-03,
9.30000000e-01,3.30501060e-04,2.09759603e-03,
9.31000000e-01,3.32600643e-04,2.10155086e-03,
9.32000000e-01,3.34704161e-04,2.10546831e-03,
9.33000000e-01,3.36811579e-04,2.10934866e-03,
9.34000000e-01,3.38922859e-04,2.11319217e-03,
9.35000000e-01,3.41037963e-04,2.11699913e-03,
9.36000000e-01,3.43156857e-04,2.12076981e-03,
9.37000000e-01,3.45279503e-04,2.12450448e-03,
9.38000000e-01,3.47405866e-04,2.12820344e-03,
9.39000000e-01,3.49535910e-04,2.13186695e-03,
9.40000000e-01,3.51669600e-04,2.13549531e-03,
9.41000000e-01,3.53806901e-04,2.13908879e-03,
9.42000000e-01,3.55947777e-04,2.14264767e-03,
9.43000000e-01,3.58092196e-04,2.14617225e-03,
9.44000000e-01,3.60240122e-04,2.14966280e-03,
9.45000000e-01,3.62391522e-04,2.15311960e-03,
9.46000000e-01,3.64546361e-04,2.15654294e-03,
9.47000000e-01,3.66704607e-04,2.15993312e-03,
9.48000000e-01,3.68866227e-04,2.16329041e-03,
9.49000000e-01,3.71031188e-04,2.16661510e-03,
9.50000000e-01,3.73199458e-04,2.16990747e-03,
9.51000000e-01,3.75371003e-04,2.17316781e-03,
9.52000000e-01,3.77545793e-04,2.17639639e-03,
9.53000000e-01,3.79723796e-04,2.17959353e-03,
9.54000000e-01,3.81904980e-04,2.18275948e-03,
9.55000000e-01,3.84089315e-04,2.18589453e-03,
9.56000000e-01,3.86276769e-04,2.18899897e-03,
9.57000000e-01,3.88467313e-04,2.19207310e-03,
9.58000000e-01,3.90660916e-04,2.19511718e-03,
9.59000000e-01,3.92857547e-04,2.19813149e-03,
9.60000000e-01,3.95057179e-04,2.20111632e-03,
9.61000000e-01,3.97259780e-04,2.20407195e-03,
9.62000000e-01,3.99465322e-04,2.20699865e-03,
9.63000000e-01,4.01673777e-04,2.20989672e-03,
9.64000000e-01,4.03885116e-04,2.21276642e-03,
9.65000000e-01,4.06099310e-04,2.21560803e-03,
9.66000000e-01,4.08316332e-04,2.21842182e-03,
9.67000000e-01,4.10536154e-04,2.22120808e-03,
9.68000000e-01,4.12758748e-04,2.22396707e-03,
9.69000000e-01,4.14984088e-04,2.22669906e-03,
9.70000000e-01,4.17212146e-04,2.22940433e-03,
9.71000000e-01,4.19442897e-04,2.23208315e-03,
9.72000000e-01,4.21676312e-04,2.23473578e-03,
9.73000000e-01,4.23912368e-04,2.23736250e-03,
9.74000000e-01,4.26151037e-04,2.23996356e-03,
9.75000000e-01,4.28392295e-04,2.24253923e-03,
9.76000000e-01,4.30636116e-04,2.24508977e-03,
9.77000000e-01,4.32882475e-04,2.24761545e-03,
9.78000000e-01,4.35131347e-04,2.25011652e-03,
9.79000000e-01,4.37382708e-04,2.25259325e-03,
9.80000000e-01,4.39636533e-04,2.25504588e-03,
9.81000000e-01,4.41892800e-04,2.25747467e-03,
9.82000000e-01,4.44151483e-04,2.25987988e-03,
9.83000000e-01,4.46412559e-04,2.26226176e-03,
9.84000000e-01,4.48676006e-04,2.26462055e-03,
9.85000000e-01,4.50941800e-04,2.26695651e-03,
9.86000000e-01,4.53209919e-04,2.26926988e-03,
9.87000000e-01,4.55480340e-04,2.27156090e-03,
9.88000000e-01,4.57753041e-04,2.27382981e-03,
9.89000000e-01,4.60028000e-04,2.27607687e-03,
9.90000000e-01,4.62305195e-04,2.27830230e-03,
9.91000000e-01,4.64584604e-04,2.28050635e-03,
9.92000000e-01,4.66866207e-04,2.28268925e-03,
9.93000000e-01,4.69149983e-04,2.28485122e-03,
9.94000000e-01,4.71435910e-04,2.28699251e-03,
9.95000000e-01,4.73723968e-04,2.28911334e-03,
9.96000000e-01,4.76014137e-04,2.29121394e-03,
9.97000000e-01,4.78306396e-04,2.29329454e-03,
9.98000000e-01,4.80600726e-04,2.29535535e-03,
9.99000000e-01,4.82897107e-04,2.29739662e-03,
1.00000000e+00,4.85195519e-04,2.29941853e-03,
1.00100000e+00,4.87495944e-04,2.30142133e-03,
1.00200000e+00,4.89798362e-04,2.30340522e-03,
1.00300000e+00,4.92102754e-04,2.30537041e-03,
1.00400000e+00,4.94409102e-04,2.30731713e-03,
1.00500000e+00,4.96717388e-04,2.30924558e-03,
1.00600000e+00,4.99027594e-04,2.31115596e-03,
1.00700000e+00,5.01339700e-04,2.31304849e-03,
1.00800000e+00,5.03653691e-04,2.31492337e-03,
1.00900000e+00,5.05969547e-04,2.31678079e-03,
1.01000000e+00,5.08287252e-04,2.31862096e-03,
1.01100000e+00,5.10606789e-04,2.32044408e-03,
1.01200000e+00,5.12928140e-04,2.32225034e-03,
1.01300000e+00,5.15251290e-04,2.32403994e-03,
1.01400000e+00,5.17576220e-04,2.32581307e-03,
1.01500000e+00,5.19902916e-04,2.32756991e-03,
1.01600000e+00,5.22231360e-04,2.32931067e-03,
1.01700000e+00,5.24561537e-04,2.33103552e-03,
1.01800000e+00,5.26893431e-04,2.33274463e-03,
1.01900000e+00,5.29227026e-04,2.33443821e-03,
1.02000000e+00,5.31562307e-04,2.33611642e-03,
1.02100000e+00,5.33899259e-04,2.33777946e-03,
1.02200000e+00,5.36237866e-04,2.33942749e-03,
1.02300000e+00,5.38578114e-04,2.34106069e-03,
1.02400000e+00,5.40919988e-04,2.34267922e-03,
1.02500000e+00,5.43263473e-04,2.34428326e-03,
1.02600000e+00,5.45608554e-04,2.34587299e-03,
1.02700000e+00,5.47955219e-04,2.34744856e-03,
1.02800000e+00,5.50303451e-04,2.34901013e-03,
1.02900000e+00,5.52653239e-04,2.35055788e-03,
1.03000000e+00,5.55004567e-04,2.35209196e-03,
1.03100000e+00,5.57357423e-04,2.35361254e-03,
1.03200000e+00,5.59711792e-04,2.35511976e-03,
1.03300000e+00,5.62067662e-04,2.35661379e-03,
1.03400000e+00,5.64425020e-04,2.35809477e-03,
1.03500000e+00,5.66783852e-04,2.35956288e-03,
1.03600000e+00,5.69144145e-04,2.36101823e-03,
1.03700000e+00,5.71505888e-04,2.36246099e-03,
1.03800000e+00,5.73869067e-04,2.36389131e-03,
1.03900000e+00,5.76233671e-04,2.36530933e-03,
1.04000000e+00,5.78599686e-04,2.36671518e-03,
1.04100000e+00,5.80967101e-04,2.36810902e-03,
1.04200000e+00,5.83335904e-04,2.36949099e-03,
1.04300000e+00,5.85706083e-04,2.37086121e-03,
1.04400000e+00,5.88077627e-04,2.37221982e-03,
1.04500000e+00,5.90450523e-04,2.37356695e-03,
1.04600000e+00,5.92824760e-04,2.37490275e-03,
1.04700000e+00,5.95200328e-04,2.37622735e-03,
1.04800000e+00,5.97577215e-04,2.37754086e-03,
1.04900000e+00,5.99955410e-04,2.37884342e-03,
1.05000000e+00,6.02334902e-04,2.38013515e-03,
1.05100000e+00,6.04715680e-04,2.38141618e-03,
1.05200000e+00,6.07097734e-04,2.38268662e-03,
1.05300000e+00,6.09481054e-04,2.38394661e-03,
1.05400000e+00,6.11865628e-04,2.38519626e-03,
1.05500000e+00,6.14251446e-04,2.38643568e-03,
1.05600000e+00,6.16638499e-04,2.38766499e-03,
1.05700000e+00,6.19026776e-04,2.38888432e-03,
1.05800000e+00,6.21416268e-04,2.39009376e-03,
1.05900000e+00,6.23806964e-04,2.39129344e-03,
1.06000000e+00,6.26198854e-04,2.39248346e-03,
1.06100000e+00,6.28591931e-04,2.39366393e-03,
1.06200000e+00,6.30986182e-04,2.39483495e-03,
1.06300000e+00,6.33381600e-04,2.39599664e-03,
1.06400000e+00,6.35778176e-04,2.39714910e-03,
1.06500000e+00,6.38175899e-04,2.39829242e-03,
1.06600000e+00,6.40574760e-04,2.39942672e-03,
1.06700000e+00,6.42974752e-04,2.40055209e-03,
1.06800000e+00,6.45375865e-04,2.40166863e-03,
1.06900000e+00,6.47778089e-04,2.40277644e-03,
1.07000000e+00,6.50181418e-04,2.40387560e-03,
1.07100000e+00,6.52585841e-04,2.40496623e-03,
1.07200000e+00,6.54991350e-04,2.40604841e-03,
1.07300000e+00,6.57397937e-04,2.40712222e-03,
1.07400000e+00,6.59805594e-04,2.40818778e-03,
1.07500000e+00,6.62214313e-04,2.40924515e-03,
1.07600000e+00,6.64624085e-04,2.41029443e-03,
1.07700000e+00,6.67034902e-04,2.41133571e-03,
1.07800000e+00,6.69446756e-04,2.41236907e-03,
1.07900000e+00,6.71859640e-04,2.41339460e-03,
1.08000000e+00,6.74273545e-04,2.41441237e-03,
1.08100000e+00,6.76688465e-04,2.41542248e-03,
1.08200000e+00,6.79104390e-04,2.41642500e-03,
1.08300000e+00,6.81521315e-04,2.41742001e-03,
1.08400000e+00,6.83939230e-04,2.41840759e-03,
1.08500000e+00,6.86358130e-04,2.41938782e-03,
1.08600000e+00,6.88778006e-04,2.42036077e-03,
1.08700000e+00,6.91198851e-04,2.42132652e-03,
1.08800000e+00,6.93620659e-04,2.42228514e-03,
1.08900000e+00,6.96043422e-04,2.42323670e-03,
1.09000000e+00,6.98467132e-04,2.42418128e-03,
1.09100000e+00,7.00891784e-04,2.42511895e-03,
1.09200000e+00,7.03317370e-04,2.42604978e-03,
1.09300000e+00,7.05743884e-04,2.42697383e-03,
1.09400000e+00,7.08171318e-04,2.42789116e-03,
1.09500000e+00,7.10599666e-04,2.42880186e-03,
1.09600000e+00,7.13028922e-04,2.42970599e-03,
1.09700000e+00,7.15459078e-04,2.43060360e-03,
1.09800000e+00,7.17890129e-04,2.43149477e-03,
1.09900000e+00,7.20322068e-04,2.43237954e-03,
1.10000000e+00,7.22754888e-04,2.43325800e-03,
1.10100000e+00,7.25188584e-04,2.43413020e-03,
1.10200000e+00,7.27623148e-04,2.43499620e-03,
1.10300000e+00,7.30058576e-04,2.43585604e-03,
1.10400000e+00,7.32494860e-04,2.43670980e-03,
1.10500000e+00,7.34931996e-04,2.43755754e-03,
1.10600000e+00,7.37369976e-04,2.43839930e-03,
1.10700000e+00,7.39808794e-04,2.43923515e-03,
1.10800000e+00,7.42248446e-04,2.44006512e-03,
1.10900000e+00,7.44688924e-04,2.44088930e-03,
1.11000000e+00,7.47130224e-04,2.44170772e-03,
1.11100000e+00,7.49572340e-04,2.44252043e-03,
1.11200000e+00,7.52015265e-04,2.44332749e-03,
1.11300000e+00,7.54458995e-04,2.44412895e-03,
1.11400000e+00,7.56903523e-04,2.44492486e-03,
1.11500000e+00,7.59348845e-04,2.44571526e-03,
1.11600000e+00,7.61794954e-04,2.44650021e-03,
1.11700000e+00,7.64241845e-04,2.44727974e-03,
1.11800000e+00,7.66689513e-04,2.44805392e-03,
1.11900000e+00,7.69137953e-04,2.44882279e-03,
1.12000000e+00,7.71587159e-04,2.44958638e-03,
1.12100000e+00,7.74037126e-04,2.45034474e-03,
1.12200000e+00,7.76487848e-04,2.45109793e-03,
1.12300000e+00,7.78939321e-04,2.45184598e-03,
1.12400000e+00,7.81391540e-04,2.45258893e-03,
1.12500000e+00,7.83844499e-04,2.45332683e-03,
1.12600000e+00,7.86298194e-04,2.45405970e-03,
1.12700000e+00,7.88752619e-04,2.45478761e-03,
1.12800000e+00,7.91207769e-04,2.45551059e-03,
1.12900000e+00,7.93663640e-04,2.45622867e-03,
1.13000000e+00,7.96120226e-04,2.45694190e-03,
1.13100000e+00,7.98577524e-04,2.45765031e-03,
1.13200000e+00,8.01035527e-04,2.45835395e-03,
1.13300000e+00,8.03494232e-04,2.45905284e-03,
1.13400000e+00,8.05953633e-04,2.45974702e-03,
1.13500000e+00,8.08413726e-04,2.46043653e-03,
1.13600000e+00,8.10874506e-04,2.46112141e-03,
1.13700000e+00,8.13335968e-04,2.46180168e-03,
1.13800000e+00,8.15798109e-04,2.46247739e-03,
1.13900000e+00,8.18260923e-04,2.46314857e-03,
1.14000000e+00,8.20724406e-04,2.46381524e-03,
1.14100000e+00,8.23188554e-04,2.46447744e-03,
1.14200000e+00,8.25653361e-04,2.46513521e-03,
1.14300000e+00,8.28118824e-04,2.46578858e-03,
1.14400000e+00,8.30584938e-04,2.46643757e-03,
1.14500000e+00,8.33051699e-04,2.46708222e-03,
1.14600000e+00,8.35519103e-04,2.46772255e-03,
1.14700000e+00,8.37987144e-04,2.46835859e-03,
1.14800000e+00,8.40455820e-04,2.46899039e-03,
1.14900000e+00,8.42925125e-04,2.46961796e-03,
1.15000000e+00,8.45395056e-04,2.47024133e-03,
1.15100000e+00,8.47865608e-04,2.47086052e-03,
1.15200000e+00,8.50336777e-04,2.47147558e-03,
1.15300000e+00,8.52808559e-04,2.47208652e-03,
1.15400000e+00,8.55280950e-04,2.47269336e-03,
1.15500000e+00,8.57753946e-04,2.47329614e-03,
1.15600000e+00,8.60227542e-04,2.47389489e-03,
1.15700000e+00,8.62701735e-04,2.47448961e-03,
1.15800000e+00,8.65176521e-04,2.47508035e-03,
1.15900000e+00,8.67651896e-04,2.47566713e-03,
1.16000000e+00,8.70127856e-04,2.47624996e-03,
1.16100000e+00,8.72604396e-04,2.47682888e-03,
1.16200000e+00,8.75081513e-04,2.47740390e-03,
1.16300000e+00,8.77559204e-04,2.47797506e-03,
1.16400000e+00,8.80037464e-04,2.47854236e-03,
1.16500000e+00,8.82516289e-04,2.47910583e-03,
1.16600000e+00,8.84995675e-04,2.47966550e-03,
1.16700000e+00,8.87475620e-04,2.48022140e-03,
1.16800000e+00,8.89956118e-04,2.48077352e-03,
1.16900000e+00,8.92437167e-04,2.48132191e-03,
1.17000000e+00,8.94918762e-04,2.48186657e-03,
1.17100000e+00,8.97400900e-04,2.48240753e-03,
1.17200000e+00,8.99883577e-04,2.48294482e-03,
1.17300000e+00,9.02366789e-04,2.48347845e-03,
1.17400000e+00,9.04850534e-04,2.48400842e-03,
1.17500000e+00,9.07334806e-04,2.48453478e-03,
1.17600000e+00,9.09819603e-04,2.48505753e-03,
1.17700000e+00,9.12304921e-04,2.48557670e-03,
1.17800000e+00,9.14790757e-04,2.48609230e-03,
1.17900000e+00,9.17277106e-04,2.48660436e-03,
1.18000000e+00,9.19763965e-04,2.48711287e-03,
1.18100000e+00,9.22251332e-04,2.48761787e-03,
1.18200000e+00,9.24739201e-04,2.48811938e-03,
1.18300000e+00,9.27227570e-04,2.48861740e-03,
1.18400000e+00,9.29716436e-04,2.48911196e-03,
1.18500000e+00,9.32205794e-04,2.48960307e-03,
1.18600000e+00,9.34695642e-04,2.49009075e-03,
1.18700000e+00,9.37185976e-04,2.49057501e-03,
1.18800000e+00,9.39676792e-04,2.49105588e-03,
1.18900000e+00,9.42168088e-04,2.49153335e-03,
1.19000000e+00,9.44659859e-04,2.49200746e-03,
1.19100000e+00,9.47152103e-04,2.49247821e-03,
1.19200000e+00,9.49644815e-04,2.49294562e-03,
1.19300000e+00,9.52137994e-04,2.49340970e-03,
1.19400000e+00,9.54631635e-04,2.49387047e-03,
1.19500000e+00,9.57125735e-04,2.49432794e-03,
1.19600000e+00,9.59620291e-04,2.49478213e-03,
1.19700000e+00,9.62115299e-04,2.49523305e-03,
1.19800000e+00,9.64610757e-04,2.49568071e-03,
1.19900000e+00,9.67106660e-04,2.49612513e-03,
1.20000000e+00,9.69603007e-04,2.49656632e-03,
1.20100000e+00,9.72099793e-04,2.49700428e-03,
1.20200000e+00,9.74597015e-04,2.49743905e-03,
1.20300000e+00,9.77094671e-04,2.49787063e-03,
1.20400000e+00,9.79592757e-04,2.49829902e-03,
1.20500000e+00,9.82091269e-04,2.49872424e-03,
1.20600000e+00,9.84590205e-04,2.49914630e-03,
1.20700000e+00,9.87089562e-04,2.49956523e-03,
1.20800000e+00,9.89589336e-04,2.49998103e-03,
1.20900000e+00,9.92089524e-04,2.50039370e-03,
1.21000000e+00,9.94590123e-04,2.50080326e-03,
1.21100000e+00,9.97091130e-04,2.50120972e-03,
1.21200000e+00,9.99592543e-04,2.50161310e-03,
1.21300000e+00,1.00209436e-03,2.50201341e-03,
1.21400000e+00,1.00459657e-03,2.50241064e-03,
1.21500000e+00,1.00709918e-03,2.50280483e-03,
1.21600000e+00,1.00960218e-03,2.50319597e-03,
1.21700000e+00,1.01210557e-03,2.50358407e-03,
1.21800000e+00,1.01460935e-03,2.50396916e-03,
1.21900000e+00,1.01711351e-03,2.50435123e-03,
1.22000000e+00,1.01961805e-03,2.50473030e-03,
1.22100000e+00,1.02212297e-03,2.50510638e-03,
1.22200000e+00,1.02462826e-03,2.50547947e-03,
1.22300000e+00,1.02713393e-03,2.50584959e-03,
1.22400000e+00,1.02963996e-03,2.50621675e-03,
1.22500000e+00,1.03214636e-03,2.50658094e-03,
1.22600000e+00,1.03465312e-03,2.50694221e-03,
1.22700000e+00,1.03716025e-03,2.50730053e-03,
1.22800000e+00,1.03966772e-03,2.50765592e-03,
1.22900000e+00,1.04217556e-03,2.50800840e-03,
1.23000000e+00,1.04468374e-03,2.50835797e-03,
1.23100000e+00,1.04719227e-03,2.50870464e-03,
1.23200000e+00,1.04970115e-03,2.50904842e-03,
1.23300000e+00,1.05221037e-03,2.50938931e-03,
1.23400000e+00,1.05471993e-03,2.50972734e-03,
1.23500000e+00,1.05722982e-03,2.51006250e-03,
1.23600000e+00,1.05974005e-03,2.51039480e-03,
1.23700000e+00,1.06225061e-03,2.51072425e-03,
1.23800000e+00,1.06476150e-03,2.51105086e-03,
1.23900000e+00,1.06727272e-03,2.51137464e-03,
1.24000000e+00,1.06978425e-03,2.51169559e-03,
1.24100000e+00,1.07229611e-03,2.51201373e-03,
1.24200000e+00,1.07480828e-03,2.51232906e-03,
1.24300000e+00,1.07732077e-03,2.51264159e-03,
1.24400000e+00,1.07983356e-03,2.51295132e-03,
1.24500000e+00,1.08234667e-03,2.51325828e-03,
1.24600000e+00,1.08486008e-03,2.51356245e-03,
1.24700000e+00,1.08737379e-03,2.51386385e-03,
1.24800000e+00,1.08988781e-03,2.51416249e-03,
1.24900000e+00,1.09240212e-03,2.51445837e-03,
1.25000000e+00,1.09491672e-03,2.51475151e-03,
1.25100000e+00,1.09743162e-03,2.51504190e-03,
1.25200000e+00,1.09994681e-03,2.51532957e-03,
1.25300000e+00,1.10246228e-03,2.51561450e-03,
1.25400000e+00,1.10497804e-03,2.51589671e-03,
1.25500000e+00,1.10749407e-03,2.51617622e-03,
1.25600000e+00,1.11001039e-03,2.51645300e-03,
1.25700000e+00,1.11252698e-03,2.51672710e-03,
1.25800000e+00,1.11504384e-03,2.51699851e-03,
1.25900000e+00,1.11756098e-03,2.51726723e-03,
1.26000000e+00,1.12007838e-03,2.51753327e-03,
1.26100000e+00,1.12259604e-03,2.51779664e-03,
1.26200000e+00,1.12511397e-03,2.51805734e-03,
1.26300000e+00,1.12763216e-03,2.51831539e-03,
1.26400000e+00,1.13015060e-03,2.51857078e-03,
1.26500000e+00,1.13266930e-03,2.51882352e-03,
1.26600000e+00,1.13518825e-03,2.51907363e-03,
1.26700000e+00,1.13770745e-03,2.51932111e-03,
1.26800000e+00,1.14022689e-03,2.51956595e-03,
1.26900000e+00,1.14274658e-03,2.51980818e-03,
1.27000000e+00,1.14526651e-03,2.52004779e-03,
1.27100000e+00,1.14778667e-03,2.52028480e-03,
1.27200000e+00,1.15030708e-03,2.52051920e-03,
1.27300000e+00,1.15282771e-03,2.52075102e-03,
1.27400000e+00,1.15534858e-03,2.52098023e-03,
1.27500000e+00,1.15786967e-03,2.52120686e-03,
1.27600000e+00,1.16039099e-03,2.52143093e-03,
1.27700000e+00,1.16291253e-03,2.52165241e-03,
1.27800000e+00,1.16543430e-03,2.52187133e-03,
1.27900000e+00,1.16795628e-03,2.52208769e-03,
1.28000000e+00,1.17047847e-03,2.52230150e-03,
1.28100000e+00,1.17300088e-03,2.52251277e-03,
1.28200000e+00,1.17552350e-03,2.52272148e-03,
1.28300000e+00,1.17804632e-03,2.52292766e-03,
1.28400000e+00,1.18056935e-03,2.52313132e-03,
1.28500000e+00,1.18309259e-03,2.52333244e-03,
1.28600000e+00,1.18561602e-03,2.52353105e-03,
1.28700000e+00,1.18813965e-03,2.52372715e-03,
1.28800000e+00,1.19066347e-03,2.52392074e-03,
1.28900000e+00,1.19318749e-03,2.52411182e-03,
1.29000000e+00,1.19571170e-03,2.52430041e-03,
1.29100000e+00,1.19823609e-03,2.52448651e-03,
1.29200000e+00,1.20076067e-03,2.52467013e-03,
1.29300000e+00,1.20328543e-03,2.52485126e-03,
1.29400000e+00,1.20581037e-03,2.52502992e-03,
1.29500000e+00,1.20833549e-03,2.52520611e-03,
1.29600000e+00,1.21086078e-03,2.52537985e-03,
1.29700000e+00,1.21338625e-03,2.52555112e-03,
1.29800000e+00,1.21591189e-03,2.52571994e-03,
1.29900000e+00,1.21843769e-03,2.52588631e-03,
1.30000000e+00,1.22096366e-03,2.52605024e-03,
1.30100000e+00,1.22348979e-03,2.52621174e-03,
1.30200000e+00,1.22601608e-03,2.52637081e-03,
1.30300000e+00,1.22854253e-03,2.52652745e-03,
1.30400000e+00,1.23106914e-03,2.52668167e-03,
1.30500000e+00,1.23359590e-03,2.52683347e-03,
1.30600000e+00,1.23612280e-03,2.52698287e-03,
1.30700000e+00,1.23864986e-03,2.52712986e-03,
1.30800000e+00,1.24117706e-03,2.52727446e-03,
1.30900000e+00,1.24370441e-03,2.52741666e-03,
1.31000000e+00,1.24623190e-03,2.52755648e-03,
1.31100000e+00,1.24875952e-03,2.52769390e-03,
1.31200000e+00,1.25128729e-03,2.52782895e-03,
1.31300000e+00,1.25381518e-03,2.52796164e-03,
1.31400000e+00,1.25634321e-03,2.52809195e-03,
1.31500000e+00,1.25887137e-03,2.52821990e-03,
1.31600000e+00,1.26139965e-03,2.52834549e-03,
1.31700000e+00,1.26392806e-03,2.52846874e-03,
1.31800000e+00,1.26645659e-03,2.52858963e-03,
1.31900000e+00,1.26898524e-03,2.52870818e-03,
1.32000000e+00,1.27151400e-03,2.52882440e-03,
1.32100000e+00,1.27404288e-03,2.52893829e-03,
1.32200000e+00,1.27657188e-03,2.52904984e-03,
1.32300000e+00,1.27910098e-03,2.52915909e-03,
1.32400000e+00,1.28163020e-03,2.52926601e-03,
1.32500000e+00,1.28415952e-03,2.52937062e-03,
1.32600000e+00,1.28668894e-03,2.52947292e-03,
1.32700000e+00,1.28921846e-03,2.52957293e-03,
1.32800000e+00,1.29174808e-03,2.52967064e-03,
1.32900000e+00,1.29427780e-03,2.52976606e-03,
1.33000000e+00,1.29680762e-03,2.52985919e-03,
1.33100000e+00,1.29933752e-03,2.52995004e-03,
1.33200000e+00,1.30186752e-03,2.53003862e-03,
1.33300000e+00,1.30439760e-03,2.53012493e-03,
1.33400000e+00,1.30692777e-03,2.53020896e-03,
1.33500000e+00,1.30945802e-03,2.53029073e-03,
1.33600000e+00,1.31198835e-03,2.53037026e-03,
1.33700000e+00,1.31451876e-03,2.53044754e-03,
1.33800000e+00,1.31704924e-03,2.53052256e-03,
1.33900000e+00,1.31957980e-03,2.53059535e-03,
1.34000000e+00,1.32211043e-03,2.53066590e-03,
1.34100000e+00,1.32464113e-03,2.53073422e-03,
1.34200000e+00,1.32717190e-03,2.53080031e-03,
1.34300000e+00,1.32970273e-03,2.53086418e-03,
1.34400000e+00,1.33223363e-03,2.53092584e-03,
1.34500000e+00,1.33476459e-03,2.53098528e-03,
1.34600000e+00,1.33729560e-03,2.53104252e-03,
1.34700000e+00,1.33982667e-03,2.53109756e-03,
1.34800000e+00,1.34235780e-03,2.53115039e-03,
1.34900000e+00,1.34488897e-03,2.53120104e-03,
1.35000000e+00,1.34742020e-03,2.53124951e-03,
1.35100000e+00,1.34995147e-03,2.53129578e-03,
1.35200000e+00,1.35248279e-03,2.53133988e-03,
1.35300000e+00,1.35501415e-03,2.53138182e-03,
1.35400000e+00,1.35754555e-03,2.53142159e-03,
1.35500000e+00,1.36007699e-03,2.53145918e-03,
1.35600000e+00,1.36260847e-03,2.53149463e-03,
1.35700000e+00,1.36513998e-03,2.53152792e-03,
1.35800000e+00,1.36767153e-03,2.53155907e-03,
1.35900000e+00,1.37020310e-03,2.53158807e-03,
1.36000000e+00,1.37273470e-03,2.53161494e-03,
1.36100000e+00,1.37526633e-03,2.53163966e-03,
1.36200000e+00,1.37779798e-03,2.53166227e-03,
1.36300000e+00,1.38032966e-03,2.53168275e-03,
1.36400000e+00,1.38286135e-03,2.53170111e-03,
1.36500000e+00,1.38539306e-03,2.53171736e-03,
1.36600000e+00,1.38792478e-03,2.53173149e-03,
1.36700000e+00,1.39045652e-03,2.53174353e-03,
1.36800000e+00,1.39298827e-03,2.53175347e-03,
1.36900000e+00,1.39552003e-03,2.53176131e-03,
1.37000000e+00,1.39805179e-03,2.53176706e-03,
1.37100000e+00,1.40058356e-03,2.53177073e-03,
1.37200000e+00,1.40311533e-03,2.53177231e-03,
1.37300000e+00,1.40564711e-03,2.53177183e-03,
1.37400000e+00,1.40817888e-03,2.53176927e-03,
1.37500000e+00,1.41071065e-03,2.53176465e-03,
1.37600000e+00,1.41324241e-03,2.53175797e-03,
1.37700000e+00,1.41577416e-03,2.53174923e-03,
1.37800000e+00,1.41830591e-03,2.53173844e-03,
1.37900000e+00,1.42083764e-03,2.53172560e-03,
1.38000000e+00,1.42336936e-03,2.53171073e-03,
1.38100000e+00,1.42590106e-03,2.53169381e-03,
1.38200000e+00,1.42843274e-03,2.53167486e-03,
1.38300000e+00,1.43096441e-03,2.53165390e-03,
1.38400000e+00,1.43349605e-03,2.53163090e-03,
1.38500000e+00,1.43602767e-03,2.53160590e-03,
1.38600000e+00,1.43855926e-03,2.53157887e-03,
1.38700000e+00,1.44109083e-03,2.53154983e-03,
1.38800000e+00,1.44362236e-03,2.53151880e-03,
1.38900000e+00,1.44615387e-03,2.53148577e-03,
1.39000000e+00,1.44868534e-03,2.53145074e-03,
1.39100000e+00,1.45121677e-03,2.53141373e-03,
1.39200000e+00,1.45374816e-03,2.53137473e-03,
1.39300000e+00,1.45627952e-03,2.53133375e-03,
1.39400000e+00,1.45881083e-03,2.53129080e-03,
1.39500000e+00,1.46134210e-03,2.53124588e-03,
1.39600000e+00,1.46387332e-03,2.53119899e-03,
1.39700000e+00,1.46640450e-03,2.53115014e-03,
1.39800000e+00,1.46893562e-03,2.53109934e-03,
1.39900000e+00,1.47146670e-03,2.53104659e-03,
1.40000000e+00,1.47399772e-03,2.53099189e-03,
1.40100000e+00,1.47652868e-03,2.53093525e-03,
1.40200000e+00,1.47905959e-03,2.53087667e-03,
1.40300000e+00,1.48159043e-03,2.53081617e-03,
1.40400000e+00,1.48412122e-03,2.53075373e-03,
1.40500000e+00,1.48665194e-03,2.53068937e-03,
1.40600000e+00,1.48918260e-03,2.53062310e-03,
1.40700000e+00,1.49171319e-03,2.53055491e-03,
1.40800000e+00,1.49424371e-03,2.53048482e-03,
1.40900000e+00,1.49677416e-03,2.53041281e-03,
1.41000000e+00,1.49930453e-03,2.53033891e-03,
1.41100000e+00,1.50183483e-03,2.53026313e-03,
1.41200000e+00,1.50436506e-03,2.53018545e-03,
1.41300000e+00,1.50689520e-03,2.53010588e-03,
1.41400000e+00,1.50942527e-03,2.53002443e-03,
1.41500000e+00,1.51195525e-03,2.52994111e-03,
1.41600000e+00,1.51448515e-03,2.52985592e-03,
1.41700000e+00,1.51701497e-03,2.52976887e-03,
1.41800000e+00,1.51954469e-03,2.52967995e-03,
1.41900000e+00,1.52207433e-03,2.52958917e-03,
1.42000000e+00,1.52460387e-03,2.52949654e-03,
1.42100000e+00,1.52713332e-03,2.52940208e-03,
1.42200000e+00,1.52966267e-03,2.52930576e-03,
1.42300000e+00,1.53219193e-03,2.52920760e-03,
1.42400000e+00,1.53472109e-03,2.52910762e-03,
1.42500000e+00,1.53725015e-03,2.52900581e-03,
1.42600000e+00,1.53977910e-03,2.52890217e-03,
1.42700000e+00,1.54230795e-03,2.52879671e-03,
1.42800000e+00,1.54483669e-03,2.52868944e-03,
1.42900000e+00,1.54736533e-03,2.52858036e-03,
1.43000000e+00,1.54989385e-03,2.52846947e-03,
1.43100000e+00,1.55242227e-03,2.52835678e-03,
1.43200000e+00,1.55495057e-03,2.52824230e-03,
1.43300000e+00,1.55747875e-03,2.52812603e-03,
1.43400000e+00,1.56000682e-03,2.52800797e-03,
1.43500000e+00,1.56253477e-03,2.52788812e-03,
1.43600000e+00,1.56506260e-03,2.52776650e-03,
1.43700000e+00,1.56759030e-03,2.52764311e-03,
1.43800000e+00,1.57011788e-03,2.52751795e-03,
1.43900000e+00,1.57264534e-03,2.52739103e-03,
1.44000000e+00,1.57517266e-03,2.52726234e-03,
1.44100000e+00,1.57769986e-03,2.52713190e-03,
1.44200000e+00,1.58022693e-03,2.52699972e-03,
1.44300000e+00,1.58275386e-03,2.52686579e-03,
1.44400000e+00,1.58528066e-03,2.52673011e-03,
1.44500000e+00,1.58780732e-03,2.52659270e-03,
1.44600000e+00,1.59033384e-03,2.52645357e-03,
1.44700000e+00,1.59286023e-03,2.52631270e-03,
1.44800000e+00,1.59538647e-03,2.52617010e-03,
1.44900000e+00,1.59791257e-03,2.52602580e-03,
1.45000000e+00,1.60043852e-03,2.52587978e-03,
1.45100000e+00,1.60296433e-03,2.52573204e-03,
1.45200000e+00,1.60548999e-03,2.52558262e-03,
1.45300000e+00,1.60801549e-03,2.52543148e-03,
1.45400000e+00,1.61054085e-03,2.52527865e-03,
1.45500000e+00,1.61306605e-03,2.52512414e-03,
1.45600000e+00,1.61559110e-03,2.52496792e-03,
1.45700000e+00,1.61811599e-03,2.52481004e-03,
1.45800000e+00,1.62064072e-03,2.52465048e-03,
1.45900000e+00,1.62316529e-03,2.52448924e-03,
1.46000000e+00,1.62568970e-03,2.52432634e-03,
1.46100000e+00,1.62821394e-03,2.52416178e-03,
1.46200000e+00,1.63073802e-03,2.52399555e-03,
1.46300000e+00,1.63326193e-03,2.52382766e-03,
1.46400000e+00,1.63578567e-03,2.52365814e-03,
1.46500000e+00,1.63830925e-03,2.52348696e-03,
1.46600000e+00,1.64083265e-03,2.52331414e-03,
1.46700000e+00,1.64335588e-03,2.52313969e-03,
1.46800000e+00,1.64587893e-03,2.52296361e-03,
1.46900000e+00,1.64840180e-03,2.52278590e-03,
1.47000000e+00,1.65092450e-03,2.52260656e-03,
1.47100000e+00,1.65344702e-03,2.52242561e-03,
1.47200000e+00,1.65596935e-03,2.52224304e-03,
1.47300000e+00,1.65849150e-03,2.52205886e-03,
1.47400000e+00,1.66101347e-03,2.52187307e-03,
1.47500000e+00,1.66353525e-03,2.52168569e-03,
1.47600000e+00,1.66605684e-03,2.52149671e-03,
1.47700000e+00,1.66857824e-03,2.52130614e-03,
1.47800000e+00,1.67109945e-03,2.52111397e-03,
1.47900000e+00,1.67362047e-03,2.52092022e-03,
1.48000000e+00,1.67614129e-03,2.52072490e-03,
1.48100000e+00,1.67866192e-03,2.52052800e-03,
1.48200000e+00,1.68118235e-03,2.52032954e-03,
1.48300000e+00,1.68370258e-03,2.52012950e-03,
1.48400000e+00,1.68622261e-03,2.51992790e-03,
1.48500000e+00,1.68874243e-03,2.51972475e-03,
1.48600000e+00,1.69126206e-03,2.51952004e-03,
1.48700000e+00,1.69378147e-03,2.51931378e-03,
1.48800000e+00,1.69630068e-03,2.51910599e-03,
1.48900000e+00,1.69881969e-03,2.51889665e-03,
1.49000000e+00,1.70133848e-03,2.51868578e-03,
1.49100000e+00,1.70385706e-03,2.51847337e-03,
1.49200000e+00,1.70637542e-03,2.51825943e-03,
1.49300000e+00,1.70889358e-03,2.51804398e-03,
1.49400000e+00,1.71141151e-03,2.51782701e-03,
1.49500000e+00,1.71392923e-03,2.51760852e-03,
1.49600000e+00,1.71644673e-03,2.51738853e-03,
1.49700000e+00,1.71896401e-03,2.51716703e-03,
1.49800000e+00,1.72148106e-03,2.51694403e-03,
1.49900000e+00,1.72399790e-03,2.51671953e-03,
1.50000000e+00,1.72651450e-03,2.51649353e-03,
1.50100000e+00,1.72903088e-03,2.51626605e-03,
1.50200000e+00,1.73154703e-03,2.51603708e-03,
1.50300000e+00,1.73406296e-03,2.51580665e-03,
1.50400000e+00,1.73657865e-03,2.51557473e-03,
1.50500000e+00,1.73909411e-03,2.51534134e-03,
1.50600000e+00,1.74160933e-03,2.51510648e-03,
1.50700000e+00,1.74412432e-03,2.51487015e-03,
1.50800000e+00,1.74663907e-03,2.51463238e-03,
1.50900000e+00,1.74915358e-03,2.51439315e-03,
1.51000000e+00,1.75166786e-03,2.51415246e-03,
1.51100000e+00,1.75418189e-03,2.51391033e-03,
1.51200000e+00,1.75669568e-03,2.51366676e-03,
1.51300000e+00,1.75920922e-03,2.51342175e-03,
1.51400000e+00,1.76172252e-03,2.51317531e-03,
1.51500000e+00,1.76423557e-03,2.51292743e-03,
1.51600000e+00,1.76674838e-03,2.51267813e-03,
1.51700000e+00,1.76926093e-03,2.51242742e-03,
1.51800000e+00,1.77177323e-03,2.51217528e-03,
1.51900000e+00,1.77428528e-03,2.51192172e-03,
1.52000000e+00,1.77679707e-03,2.51166677e-03,
1.52100000e+00,1.77930861e-03,2.51141041e-03,
1.52200000e+00,1.78181990e-03,2.51115265e-03,
1.52300000e+00,1.78433092e-03,2.51089349e-03,
1.52400000e+00,1.78684168e-03,2.51063293e-03,
1.52500000e+00,1.78935218e-03,2.51037100e-03,
1.52600000e+00,1.79186242e-03,2.51010767e-03,
1.52700000e+00,1.79437240e-03,2.50984296e-03,
1.52800000e+00,1.79688211e-03,2.50957689e-03,
1.52900000e+00,1.79939155e-03,2.50930944e-03,
1.53000000e+00,1.80190073e-03,2.50904061e-03,
1.53100000e+00,1.80440964e-03,2.50877043e-03,
1.53200000e+00,1.80691827e-03,2.50849888e-03,
1.53300000e+00,1.80942663e-03,2.50822598e-03,
1.53400000e+00,1.81193472e-03,2.50795173e-03,
1.53500000e+00,1.81444254e-03,2.50767613e-03,
1.53600000e+00,1.81695007e-03,2.50739919e-03,
1.53700000e+00,1.81945733e-03,2.50712090e-03,
1.53800000e+00,1.82196432e-03,2.50684128e-03,
1.53900000e+00,1.82447102e-03,2.50656033e-03,
1.54000000e+00,1.82697744e-03,2.50627805e-03,
1.54100000e+00,1.82948357e-03,2.50599444e-03,
1.54200000e+00,1.83198943e-03,2.50570953e-03,
1.54300000e+00,1.83449499e-03,2.50542329e-03,
1.54400000e+00,1.83700027e-03,2.50513573e-03,
1.54500000e+00,1.83950526e-03,2.50484687e-03,
1.54600000e+00,1.84200997e-03,2.50455671e-03,
1.54700000e+00,1.84451438e-03,2.50426524e-03,
1.54800000e+00,1.84701850e-03,2.50397248e-03,
1.54900000e+00,1.84952232e-03,2.50367842e-03,
1.55000000e+00,1.85202585e-03,2.50338308e-03,
1.55100000e+00,1.85452909e-03,2.50308645e-03,
1.55200000e+00,1.85703203e-03,2.50278854e-03,
1.55300000e+00,1.85953467e-03,2.50248936e-03,
1.55400000e+00,1.86203700e-03,2.50218890e-03,
1.55500000e+00,1.86453904e-03,2.50188717e-03,
1.55600000e+00,1.86704078e-03,2.50158418e-03,
1.55700000e+00,1.86954221e-03,2.50127991e-03,
1.55800000e+00,1.87204334e-03,2.50097440e-03,
1.55900000e+00,1.87454416e-03,2.50066764e-03,
1.56000000e+00,1.87704467e-03,2.50035962e-03,
1.56100000e+00,1.87954488e-03,2.50005035e-03,
1.56200000e+00,1.88204478e-03,2.49973984e-03,
1.56300000e+00,1.88454436e-03,2.49942810e-03,
1.56400000e+00,1.88704363e-03,2.49911511e-03,
1.56500000e+00,1.88954259e-03,2.49880089e-03,
1.56600000e+00,1.89204123e-03,2.49848545e-03,
1.56700000e+00,1.89453956e-03,2.49816879e-03,
1.56800000e+00,1.89703757e-03,2.49785090e-03,
1.56900000e+00,1.89953526e-03,2.49753180e-03,
1.57000000e+00,1.90203263e-03,2.49721149e-03,
1.57100000e+00,1.90452969e-03,2.49688996e-03,
1.57200000e+00,1.90702641e-03,2.49656723e-03,
1.57300000e+00,1.90952282e-03,2.49624330e-03,
1.57400000e+00,1.91201890e-03,2.49591817e-03,
1.57500000e+00,1.91451466e-03,2.49559185e-03,
1.57600000e+00,1.91701008e-03,2.49526433e-03,
1.57700000e+00,1.91950518e-03,2.49493563e-03,
1.57800000e+00,1.92199996e-03,2.49460574e-03,
1.57900000e+00,1.92449440e-03,2.49427468e-03,
1.58000000e+00,1.92698851e-03,2.49394244e-03,
1.58100000e+00,1.92948228e-03,2.49360902e-03,
1.58200000e+00,1.93197572e-03,2.49327444e-03,
1.58300000e+00,1.93446883e-03,2.49293870e-03,
1.58400000e+00,1.93696160e-03,2.49260179e-03,
1.58500000e+00,1.93945403e-03,2.49226372e-03,
1.58600000e+00,1.94194613e-03,2.49192450e-03,
1.58700000e+00,1.94443788e-03,2.49158412e-03,
1.58800000e+00,1.94692930e-03,2.49124261e-03,
1.58900000e+00,1.94942037e-03,2.49089994e-03,
1.59000000e+00,1.95191110e-03,2.49055614e-03,
1.59100000e+00,1.95440148e-03,2.49021120e-03,
1.59200000e+00,1.95689152e-03,2.48986513e-03,
1.59300000e+00,1.95938121e-03,2.48951793e-03,
1.59400000e+00,1.96187055e-03,2.48916960e-03,
1.59500000e+00,1.96435955e-03,2.48882015e-03,
1.59600000e+00,1.96684819e-03,2.48846958e-03,
1.59700000e+00,1.96933649e-03,2.48811789e-03,
1.59800000e+00,1.97182443e-03,2.48776509e-03,
1.59900000e+00,1.97431202e-03,2.48741119e-03,
1.60000000e+00,1.97679925e-03,2.48705618e-03,
1.60100000e+00,1.97928613e-03,2.48670007e-03,
1.60200000e+00,1.98177265e-03,2.48634285e-03,
1.60300000e+00,1.98425882e-03,2.48598454e-03,
1.60400000e+00,1.98674462e-03,2.48562515e-03,
1.60500000e+00,1.98923007e-03,2.48526466e-03,
1.60600000e+00,1.99171515e-03,2.48490309e-03,
1.60700000e+00,1.99419987e-03,2.48454045e-03,
1.60800000e+00,1.99668423e-03,2.48417672e-03,
1.60900000e+00,1.99916823e-03,2.48381191e-03,
1.61000000e+00,2.00165186e-03,2.48344603e-03,
1.61100000e+00,2.00413512e-03,2.48307910e-03,
1.61200000e+00,2.00661801e-03,2.48271109e-03,
1.61300000e+00,2.00910054e-03,2.48234202e-03,
1.61400000e+00,2.01158270e-03,2.48197190e-03,
1.61500000e+00,2.01406448e-03,2.48160072e-03,
1.61600000e+00,2.01654590e-03,2.48122849e-03,
1.61700000e+00,2.01902694e-03,2.48085522e-03,
1.61800000e+00,2.02150761e-03,2.48048089e-03,
1.61900000e+00,2.02398790e-03,2.48010553e-03,
1.62000000e+00,2.02646782e-03,2.47972913e-03,
1.62100000e+00,2.02894736e-03,2.47935170e-03,
1.62200000e+00,2.03142652e-03,2.47897324e-03,
1.62300000e+00,2.03390531e-03,2.47859374e-03,
1.62400000e+00,2.03638371e-03,2.47821323e-03,
1.62500000e+00,2.03886173e-03,2.47783169e-03,
1.62600000e+00,2.04133938e-03,2.47744913e-03,
1.62700000e+00,2.04381663e-03,2.47706556e-03,
1.62800000e+00,2.04629351e-03,2.47668098e-03,
1.62900000e+00,2.04877000e-03,2.47629539e-03,
1.63000000e+00,2.05124610e-03,2.47590880e-03,
1.63100000e+00,2.05372181e-03,2.47552120e-03,
1.63200000e+00,2.05619714e-03,2.47513260e-03,
1.63300000e+00,2.05867208e-03,2.47474301e-03,
1.63400000e+00,2.06114663e-03,2.47435243e-03,
1.63500000e+00,2.06362078e-03,2.47396086e-03,
1.63600000e+00,2.06609455e-03,2.47356829e-03,
1.63700000e+00,2.06856792e-03,2.47317475e-03,
1.63800000e+00,2.07104090e-03,2.47278023e-03,
1.63900000e+00,2.07351348e-03,2.47238473e-03,
1.64000000e+00,2.07598567e-03,2.47198826e-03,
1.64100000e+00,2.07845746e-03,2.47159082e-03,
1.64200000e+00,2.08092885e-03,2.47119241e-03,
1.64300000e+00,2.08339984e-03,2.47079303e-03,
1.64400000e+00,2.08587043e-03,2.47039270e-03,
1.64500000e+00,2.08834063e-03,2.46999141e-03,
1.64600000e+00,2.09081042e-03,2.46958916e-03,
1.64700000e+00,2.09327980e-03,2.46918596e-03,
1.64800000e+00,2.09574879e-03,2.46878181e-03,
1.64900000e+00,2.09821737e-03,2.46837672e-03,
1.65000000e+00,2.10068554e-03,2.46797068e-03,
1.65100000e+00,2.10315331e-03,2.46756371e-03,
1.65200000e+00,2.10562067e-03,2.46715580e-03,
1.65300000e+00,2.10808762e-03,2.46674695e-03,
1.65400000e+00,2.11055416e-03,2.46633717e-03,
1.65500000e+00,2.11302030e-03,2.46592647e-03,
1.65600000e+00,2.11548602e-03,2.46551484e-03,
1.65700000e+00,2.11795133e-03,2.46510229e-03,
1.65800000e+00,2.12041622e-03,2.46468882e-03,
1.65900000e+00,2.12288070e-03,2.46427444e-03,
1.66000000e+00,2.12534477e-03,2.46385914e-03,
1.66100000e+00,2.12780842e-03,2.46344293e-03,
1.66200000e+00,2.13027166e-03,2.46302582e-03,
1.66300000e+00,2.13273447e-03,2.46260780e-03,
1.66400000e+00,2.13519687e-03,2.46218888e-03,
1.66500000e+00,2.13765885e-03,2.46176907e-03,
1.66600000e+00,2.14012041e-03,2.46134836e-03,
1.66700000e+00,2.14258155e-03,2.46092675e-03,
1.66800000e+00,2.14504226e-03,2.46050425e-03,
1.66900000e+00,2.14750256e-03,2.46008087e-03,
1.67000000e+00,2.14996242e-03,2.45965662e-03,
1.67100000e+00,2.15242187e-03,2.45923147e-03,
1.67200000e+00,2.15488089e-03,2.45880545e-03,
1.67300000e+00,2.15733948e-03,2.45837856e-03,
1.67400000e+00,2.15979765e-03,2.45795078e-03,
1.67500000e+00,2.16225538e-03,2.45752215e-03,
1.67600000e+00,2.16471269e-03,2.45709264e-03,
1.67700000e+00,2.16716957e-03,2.45666227e-03,
1.67800000e+00,2.16962601e-03,2.45623105e-03,
1.67900000e+00,2.17208203e-03,2.45579896e-03,
1.68000000e+00,2.17453761e-03,2.45536602e-03,
1.68100000e+00,2.17699276e-03,2.45493222e-03,
1.68200000e+00,2.17944748e-03,2.45449758e-03,
1.68300000e+00,2.18190176e-03,2.45406209e-03,
1.68400000e+00,2.18435560e-03,2.45362576e-03,
1.68500000e+00,2.18680901e-03,2.45318858e-03,
1.68600000e+00,2.18926198e-03,2.45275056e-03,
1.68700000e+00,2.19171451e-03,2.45231171e-03,
1.68800000e+00,2.19416660e-03,2.45187203e-03,
1.68900000e+00,2.19661825e-03,2.45143151e-03,
1.69000000e+00,2.19906946e-03,2.45099018e-03,
1.69100000e+00,2.20152023e-03,2.45054801e-03,
1.69200000e+00,2.20397056e-03,2.45010502e-03,
1.69300000e+00,2.20642044e-03,2.44966121e-03,
1.69400000e+00,2.20886988e-03,2.44921658e-03,
1.69500000e+00,2.21131888e-03,2.44877115e-03,
1.69600000e+00,2.21376742e-03,2.44832490e-03,
1.69700000e+00,2.21621553e-03,2.44787784e-03,
1.69800000e+00,2.21866318e-03,2.44742997e-03,
1.69900000e+00,2.22111039e-03,2.44698130e-03,
1.70000000e+00,2.22355714e-03,2.44653183e-03,
1.70100000e+00,2.22600345e-03,2.44608157e-03,
1.70200000e+00,2.22844931e-03,2.44563050e-03,
1.70300000e+00,2.23089471e-03,2.44517864e-03,
1.70400000e+00,2.23333966e-03,2.44472599e-03,
1.70500000e+00,2.23578416e-03,2.44427256e-03,
1.70600000e+00,2.23822821e-03,2.44381834e-03,
1.70700000e+00,2.24067180e-03,2.44336333e-03,
1.70800000e+00,2.24311494e-03,2.44290755e-03,
1.70900000e+00,2.24555761e-03,2.44245099e-03,
1.71000000e+00,2.24799984e-03,2.44199365e-03,
1.71100000e+00,2.25044160e-03,2.44153555e-03,
1.71200000e+00,2.25288291e-03,2.44107667e-03,
1.71300000e+00,2.25532376e-03,2.44061702e-03,
1.71400000e+00,2.25776414e-03,2.44015661e-03,
1.71500000e+00,2.26020407e-03,2.43969544e-03,
1.71600000e+00,2.26264353e-03,2.43923350e-03,
1.71700000e+00,2.26508254e-03,2.43877082e-03,
1.71800000e+00,2.26752107e-03,2.43830737e-03,
1.71900000e+00,2.26995915e-03,2.43784318e-03,
1.72000000e+00,2.27239676e-03,2.43737824e-03,
1.72100000e+00,2.27483391e-03,2.43691253e-03,
1.72200000e+00,2.27727059e-03,2.43644609e-03,
1.72300000e+00,2.27970680e-03,2.43597892e-03,
1.72400000e+00,2.28214254e-03,2.43551100e-03,
1.72500000e+00,2.28457782e-03,2.43504234e-03,
1.72600000e+00,2.28701263e-03,2.43457295e-03,
1.72700000e+00,2.28944697e-03,2.43410283e-03,
1.72800000e+00,2.29188083e-03,2.43363197e-03,
1.72900000e+00,2.29431423e-03,2.43316038e-03,
1.73000000e+00,2.29674716e-03,2.43268808e-03,
1.73100000e+00,2.29917961e-03,2.43221504e-03,
1.73200000e+00,2.30161159e-03,2.43174130e-03,
1.73300000e+00,2.30404309e-03,2.43126683e-03,
1.73400000e+00,2.30647412e-03,2.43079164e-03,
1.73500000e+00,2.30890467e-03,2.43031574e-03,
1.73600000e+00,2.31133475e-03,2.42983914e-03,
1.73700000e+00,2.31376435e-03,2.42936182e-03,
1.73800000e+00,2.31619347e-03,2.42888379e-03,
1.73900000e+00,2.31862212e-03,2.42840507e-03,
1.74000000e+00,2.32105028e-03,2.42792564e-03,
1.74100000e+00,2.32347797e-03,2.42744551e-03,
1.74200000e+00,2.32590518e-03,2.42696469e-03,
1.74300000e+00,2.32833190e-03,2.42648316e-03,
1.74400000e+00,2.33075814e-03,2.42600095e-03,
1.74500000e+00,2.33318390e-03,2.42551805e-03,
1.74600000e+00,2.33560918e-03,2.42503446e-03,
1.74700000e+00,2.33803397e-03,2.42455018e-03,
1.74800000e+00,2.34045828e-03,2.42406523e-03,
1.74900000e+00,2.34288210e-03,2.42357959e-03,
1.75000000e+00,2.34530544e-03,2.42309327e-03,
1.75100000e+00,2.34772829e-03,2.42260628e-03,
1.75200000e+00,2.35015065e-03,2.42211861e-03,
1.75300000e+00,2.35257252e-03,2.42163027e-03,
1.75400000e+00,2.35499391e-03,2.42114126e-03,
1.75500000e+00,2.35741481e-03,2.42065158e-03,
1.75600000e+00,2.35983521e-03,2.42016124e-03,
1.75700000e+00,2.36225513e-03,2.41967024e-03,
1.75800000e+00,2.36467455e-03,2.41917858e-03,
1.75900000e+00,2.36709349e-03,2.41868626e-03,
1.76000000e+00,2.36951193e-03,2.41819327e-03,
1.76100000e+00,2.37192987e-03,2.41769964e-03,
1.76200000e+00,2.37434733e-03,2.41720536e-03,
1.76300000e+00,2.37676428e-03,2.41671042e-03,
1.76400000e+00,2.37918075e-03,2.41621484e-03,
1.76500000e+00,2.38159671e-03,2.41571861e-03,
1.76600000e+00,2.38401218e-03,2.41522174e-03,
1.76700000e+00,2.38642716e-03,2.41472424e-03,
1.76800000e+00,2.38884163e-03,2.41422608e-03,
1.76900000e+00,2.39125561e-03,2.41372730e-03,
1.77000000e+00,2.39366909e-03,2.41322788e-03,
1.77100000e+00,2.39608206e-03,2.41272783e-03,
1.77200000e+00,2.39849454e-03,2.41222715e-03,
1.77300000e+00,2.40090652e-03,2.41172583e-03,
1.77400000e+00,2.40331799e-03,2.41122389e-03,
1.77500000e+00,2.40572897e-03,2.41072134e-03,
1.77600000e+00,2.40813944e-03,2.41021815e-03,
1.77700000e+00,2.41054940e-03,2.40971434e-03,
1.77800000e+00,2.41295887e-03,2.40920992e-03,
1.77900000e+00,2.41536782e-03,2.40870489e-03,
1.78000000e+00,2.41777628e-03,2.40819923e-03,
1.78100000e+00,2.42018422e-03,2.40769298e-03,
1.78200000e+00,2.42259166e-03,2.40718611e-03,
1.78300000e+00,2.42499859e-03,2.40667862e-03,
1.78400000e+00,2.42740502e-03,2.40617054e-03,
1.78500000e+00,2.42981093e-03,2.40566185e-03,
1.78600000e+00,2.43221634e-03,2.40515257e-03,
1.78700000e+00,2.43462124e-03,2.40464268e-03,
1.78800000e+00,2.43702563e-03,2.40413219e-03,
1.78900000e+00,2.43942950e-03,2.40362112e-03,
1.79000000e+00,2.44183287e-03,2.40310944e-03,
1.79100000e+00,2.44423572e-03,2.40259717e-03,
1.79200000e+00,2.44663806e-03,2.40208433e-03,
1.79300000e+00,2.44903989e-03,2.40157089e-03,
1.79400000e+00,2.45144121e-03,2.40105685e-03,
1.79500000e+00,2.45384201e-03,2.40054225e-03,
1.79600000e+00,2.45624229e-03,2.40002706e-03,
1.79700000e+00,2.45864206e-03,2.39951129e-03,
1.79800000e+00,2.46104131e-03,2.39899494e-03,
1.79900000e+00,2.46344005e-03,2.39847802e-03,
1.80000000e+00,2.46583827e-03,2.39796080e-03,
