id,vds,r0
-1.5976343300e-31,0.0000000000e+00,6.3987442490e+02
1.5628066400e-06,1.0000000000e-03,6.4184227974e+02
3.1160885400e-06,2.0000000000e-03,6.4578627588e+02
4.6598648400e-06,3.0000000000e-03,6.4977096965e+02
6.1941546400e-06,4.0000000000e-03,6.5379698674e+02
7.7189770000e-06,5.0000000000e-03,6.5786496140e+02
9.2343509600e-06,6.0000000000e-03,6.6197554544e+02
1.0740295500e-05,7.0000000000e-03,6.6612939962e+02
1.2236829600e-05,8.0000000000e-03,6.7032719416e+02
1.3723972200e-05,9.0000000000e-03,6.7456962220e+02
1.5201742200e-05,1.0000000000e-02,6.7885738220e+02
1.6670158500e-05,1.1000000000e-02,6.8319122530e+02
1.8129239800e-05,1.2000000000e-02,6.8757187051e+02
1.9579005000e-05,1.3000000000e-02,6.9200005415e+02
2.1019472800e-05,1.4000000000e-02,6.9647652551e+02
2.2450662100e-05,1.5000000000e-02,7.0100210183e+02
2.3872591400e-05,1.6000000000e-02,7.0557756492e+02
2.5285279600e-05,1.7000000000e-02,7.1020371832e+02
2.6688745200e-05,1.8000000000e-02,7.1488142930e+02
2.8083006900e-05,1.9000000000e-02,7.1961151062e+02
2.9468083300e-05,2.0000000000e-02,7.2439484294e+02
3.0843993000e-05,2.1000000000e-02,7.2923230062e+02
3.2210754600e-05,2.2000000000e-02,7.3412483176e+02
3.3568386500e-05,2.3000000000e-02,7.3907335020e+02
3.4916907300e-05,2.4000000000e-02,7.4407876486e+02
3.6256335500e-05,2.5000000000e-02,7.4914208708e+02
3.7586689500e-05,2.6000000000e-02,7.5426426615e+02
3.8907987900e-05,2.7000000000e-02,7.5944630332e+02
4.0220249100e-05,2.8000000000e-02,7.6468927862e+02
4.1523491500e-05,2.9000000000e-02,7.6999424009e+02
4.2817733500e-05,3.0000000000e-02,7.7536225976e+02
4.4102993500e-05,3.1000000000e-02,7.8079443436e+02
4.5379289900e-05,3.2000000000e-02,7.8629191739e+02
4.6646641000e-05,3.3000000000e-02,7.9185579402e+02
4.7905065400e-05,3.4000000000e-02,7.9748727305e+02
4.9154581300e-05,3.5000000000e-02,8.0318765197e+02
5.0395207000e-05,3.6000000000e-02,8.0895806779e+02
5.1626961000e-05,3.7000000000e-02,8.1479978329e+02
5.2849861600e-05,3.8000000000e-02,8.2071412195e+02
5.4063927200e-05,3.9000000000e-02,8.2670240860e+02
5.5269176100e-05,4.0000000000e-02,8.3276596309e+02
5.6465626800e-05,4.1000000000e-02,8.3890621082e+02
5.7653297500e-05,4.2000000000e-02,8.4512457206e+02
5.8832206700e-05,4.3000000000e-02,8.5142247178e+02
6.0002372700e-05,4.4000000000e-02,8.5780136378e+02
6.1163814100e-05,4.5000000000e-02,8.6426281828e+02
6.2316549100e-05,4.6000000000e-02,8.7080836161e+02
6.3460596400e-05,4.7000000000e-02,8.7743952859e+02
6.4595974400e-05,4.8000000000e-02,8.8415807957e+02
6.5722701500e-05,4.9000000000e-02,8.9096558602e+02
6.6840796400e-05,5.0000000000e-02,8.9786374121e+02
6.7950277600e-05,5.1000000000e-02,9.0485435785e+02
6.9051163700e-05,5.2000000000e-02,9.1193917463e+02
7.0143473400e-05,5.3000000000e-02,9.1912001579e+02
7.1227225400e-05,5.4000000000e-02,9.2639875091e+02
7.2302438500e-05,5.5000000000e-02,9.3377729909e+02
7.3369131500e-05,5.6000000000e-02,9.4125767273e+02
7.4427323200e-05,5.7000000000e-02,9.4884184698e+02
7.5477032600e-05,5.8000000000e-02,9.5653184993e+02
7.6518278700e-05,5.9000000000e-02,9.6432975854e+02
7.7551080700e-05,6.0000000000e-02,9.7223780216e+02
7.8575457600e-05,6.1000000000e-02,9.8025821661e+02
7.9591428700e-05,6.2000000000e-02,9.8839315673e+02
8.0599013400e-05,6.3000000000e-02,9.9664492766e+02
8.1598231200e-05,6.4000000000e-02,1.0050159466e+03
8.2589101600e-05,6.5000000000e-02,1.0135086953e+03
8.3571644200e-05,6.6000000000e-02,1.0221255129e+03
8.4545879000e-05,6.7000000000e-02,1.0308690166e+03
8.5511825700e-05,6.8000000000e-02,1.0397417739e+03
8.6469504600e-05,6.9000000000e-02,1.0487464361e+03
8.7418935700e-05,7.0000000000e-02,1.0578857080e+03
8.8360139600e-05,7.1000000000e-02,1.0671623836e+03
8.9293136600e-05,7.2000000000e-02,1.0765793730e+03
9.0217947500e-05,7.3000000000e-02,1.0861393833e+03
9.1134593300e-05,7.4000000000e-02,1.0958454838e+03
9.2043095000e-05,7.5000000000e-02,1.1057007635e+03
9.2943473900e-05,7.6000000000e-02,1.1157082125e+03
9.3835751600e-05,7.7000000000e-02,1.1258710886e+03
9.4719949700e-05,7.8000000000e-02,1.1361925354e+03
9.5596090400e-05,7.9000000000e-02,1.1466759232e+03
9.6464195700e-05,8.0000000000e-02,1.1573246261e+03
9.7324288300e-05,8.1000000000e-02,1.1681419897e+03
9.8176390900e-05,8.2000000000e-02,1.1791315652e+03
9.9020526700e-05,8.3000000000e-02,1.1902969387e+03
9.9856719000e-05,8.4000000000e-02,1.2016414828e+03
1.0068499200e-04,8.5000000000e-02,1.2131701641e+03
1.0150536800e-04,8.6000000000e-02,1.2248851541e+03
1.0231787400e-04,8.7000000000e-02,1.2367904216e+03
1.0312253300e-04,8.8000000000e-02,1.2488911305e+03
1.0391937100e-04,8.9000000000e-02,1.2611896107e+03
1.0470841400e-04,9.0000000000e-02,1.2736913686e+03
1.0548968700e-04,9.1000000000e-02,1.2864004032e+03
1.0626321700e-04,9.2000000000e-02,1.2993208988e+03
1.0702903000e-04,9.3000000000e-02,1.3124561522e+03
1.0778715500e-04,9.4000000000e-02,1.3258096171e+03
1.0853762000e-04,9.5000000000e-02,1.3393882883e+03
1.0928045200e-04,9.6000000000e-02,1.3531957353e+03
1.1001568100e-04,9.7000000000e-02,1.3672356978e+03
1.1074333600e-04,9.8000000000e-02,1.3815137337e+03
1.1146344700e-04,9.9000000000e-02,1.3960326710e+03
1.1217604600e-04,1.0000000000e-01,1.4107973462e+03
1.1288116400e-04,1.0100000000e-01,1.4258146461e+03
1.1357883200e-04,1.0200000000e-01,1.4410875299e+03
1.1426908400e-04,1.0300000000e-01,1.4566200964e+03
1.1495195300e-04,1.0400000000e-01,1.4724184895e+03
1.1562747300e-04,1.0500000000e-01,1.4884868729e+03
1.1629567900e-04,1.0600000000e-01,1.5048305714e+03
1.1695660600e-04,1.0700000000e-01,1.5214525945e+03
1.1761029200e-04,1.0800000000e-01,1.5383584116e+03
1.1825677300e-04,1.0900000000e-01,1.5555545643e+03
1.1889608700e-04,1.1000000000e-01,1.5730429441e+03
1.1952827400e-04,1.1100000000e-01,1.5908290806e+03
1.2015337300e-04,1.1200000000e-01,1.6089197407e+03
1.2077142400e-04,1.1300000000e-01,1.6273179393e+03
1.2138246900e-04,1.1400000000e-01,1.6460252007e+03
1.2198655200e-04,1.1500000000e-01,1.6650498316e+03
1.2258371400e-04,1.1600000000e-01,1.6843972345e+03
1.2317400000e-04,1.1700000000e-01,1.7040673738e+03
1.2375745600e-04,1.1800000000e-01,1.7240656064e+03
1.2433412800e-04,1.1900000000e-01,1.7443972480e+03
1.2490406300e-04,1.2000000000e-01,1.7650661099e+03
1.2546730900e-04,1.2100000000e-01,1.7860758689e+03
1.2602391500e-04,1.2200000000e-01,1.8074283768e+03
1.2657393200e-04,1.2300000000e-01,1.8291286584e+03
1.2711741000e-04,1.2400000000e-01,1.8511797148e+03
1.2765440200e-04,1.2500000000e-01,1.8735828576e+03
1.2818496100e-04,1.2600000000e-01,1.8963442693e+03
1.2870914000e-04,1.2700000000e-01,1.9194626713e+03
1.2922699600e-04,1.2800000000e-01,1.9429422934e+03
1.2973858300e-04,1.2900000000e-01,1.9667866057e+03
1.3024395900e-04,1.3000000000e-01,1.9909934809e+03
1.3074318200e-04,1.3100000000e-01,2.0155679809e+03
1.3123631000e-04,1.3200000000e-01,2.0405087610e+03
1.3172340400e-04,1.3300000000e-01,2.0658163252e+03
1.3220452400e-04,1.3400000000e-01,2.0914947767e+03
1.3267973100e-04,1.3500000000e-01,2.1175414640e+03
1.3314908800e-04,1.3600000000e-01,2.1439577964e+03
1.3361265700e-04,1.3700000000e-01,2.1707396688e+03
1.3407050400e-04,1.3800000000e-01,2.1978901196e+03
1.3452269100e-04,1.3900000000e-01,2.2254059904e+03
1.3496928600e-04,1.4000000000e-01,2.2532846261e+03
1.3541035300e-04,1.4100000000e-01,2.2815293951e+03
1.3584595900e-04,1.4200000000e-01,2.3101336019e+03
1.3627617100e-04,1.4300000000e-01,2.3390918777e+03
1.3670105800e-04,1.4400000000e-01,2.3684039863e+03
1.3712068700e-04,1.4500000000e-01,2.3980717216e+03
1.3753512600e-04,1.4600000000e-01,2.4280820858e+03
1.3794444600e-04,1.4700000000e-01,2.4584300645e+03
1.3834871600e-04,1.4800000000e-01,2.4891218334e+03
1.3874800400e-04,1.4900000000e-01,2.5201446151e+03
1.3914238200e-04,1.5000000000e-01,2.5514916143e+03
1.3953191900e-04,1.5100000000e-01,2.5831608857e+03
1.3991668600e-04,1.5200000000e-01,2.6151440128e+03
1.4029675300e-04,1.5300000000e-01,2.6474383098e+03
1.4067219000e-04,1.5400000000e-01,2.6800299117e+03
1.4104306900e-04,1.5500000000e-01,2.7129152235e+03
1.4140945900e-04,1.5600000000e-01,2.7460855474e+03
1.4177143200e-04,1.5700000000e-01,2.7795364748e+03
1.4212905600e-04,1.5800000000e-01,2.8132578693e+03
1.4248240300e-04,1.5900000000e-01,2.8472402992e+03
1.4283154100e-04,1.6000000000e-01,2.8814762423e+03
1.4317654100e-04,1.6100000000e-01,2.9159503848e+03
1.4351747200e-04,1.6200000000e-01,2.9506629791e+03
1.4385440200e-04,1.6300000000e-01,2.9856011376e+03
1.4418740000e-04,1.6400000000e-01,3.0207561599e+03
1.4451653300e-04,1.6500000000e-01,3.0561182288e+03
1.4484186900e-04,1.6600000000e-01,3.0916678914e+03
1.4516347600e-04,1.6700000000e-01,3.1274091015e+03
1.4548141800e-04,1.6800000000e-01,3.1633304069e+03
1.4579576200e-04,1.6900000000e-01,3.1994109578e+03
1.4610657300e-04,1.7000000000e-01,3.2356433893e+03
1.4641391600e-04,1.7100000000e-01,3.2720262217e+03
1.4671785300e-04,1.7200000000e-01,3.3085409334e+03
1.4701844900e-04,1.7300000000e-01,3.3451751725e+03
1.4731576500e-04,1.7400000000e-01,3.3819319224e+03
1.4760986200e-04,1.7500000000e-01,3.4187863007e+03
1.4790080200e-04,1.7600000000e-01,3.4557243925e+03
1.4818864500e-04,1.7700000000e-01,3.4927559643e+03
1.4847344800e-04,1.7800000000e-01,3.5298539695e+03
1.4875527200e-04,1.7900000000e-01,3.5670111762e+03
1.4903417200e-04,1.8000000000e-01,3.6042244561e+03
1.4931020600e-04,1.8100000000e-01,3.6414801953e+03
1.4958342800e-04,1.8200000000e-01,3.6787625097e+03
1.4985389500e-04,1.8300000000e-01,3.7160570344e+03
1.5012166000e-04,1.8400000000e-01,3.7533686685e+03
1.5038677600e-04,1.8500000000e-01,3.7906901000e+03
1.5064929400e-04,1.8600000000e-01,3.8279987690e+03
1.5090926700e-04,1.8700000000e-01,3.8652876080e+03
1.5116674400e-04,1.8800000000e-01,3.9025558884e+03
1.5142177500e-04,1.8900000000e-01,3.9397815029e+03
1.5167440900e-04,1.9000000000e-01,3.9769651107e+03
1.5192469300e-04,1.9100000000e-01,4.0140998360e+03
1.5217267400e-04,1.9200000000e-01,4.0511798014e+03
1.5241839700e-04,1.9300000000e-01,4.0881904615e+03
1.5266190800e-04,1.9400000000e-01,4.1251180294e+03
1.5290325100e-04,1.9500000000e-01,4.1619565029e+03
1.5314247000e-04,1.9600000000e-01,4.1987189367e+03
1.5337960500e-04,1.9700000000e-01,4.2353824377e+03
1.5361470000e-04,1.9800000000e-01,4.2719259134e+03
1.5384779500e-04,1.9900000000e-01,4.3083723271e+03
1.5407892900e-04,2.0000000000e-01,4.3446904996e+03
1.5430814300e-04,2.0100000000e-01,4.3808879721e+03
1.5453547300e-04,2.0200000000e-01,4.4169614692e+03
1.5476095800e-04,2.0300000000e-01,4.4529008737e+03
1.5498463300e-04,2.0400000000e-01,4.4886939269e+03
1.5520653600e-04,2.0500000000e-01,4.5243307102e+03
1.5542670100e-04,2.0600000000e-01,4.5598202990e+03
1.5564516300e-04,2.0700000000e-01,4.5951533731e+03
1.5586195500e-04,2.0800000000e-01,4.6303306926e+03
1.5607711000e-04,2.0900000000e-01,4.6653324092e+03
1.5629066100e-04,2.1000000000e-01,4.7001718552e+03
1.5650263800e-04,2.1100000000e-01,4.7348401662e+03
1.5671307300e-04,2.1200000000e-01,4.7693188148e+03
1.5692199600e-04,2.1300000000e-01,4.8036226711e+03
1.5712943600e-04,2.1400000000e-01,4.8377447874e+03
1.5733542200e-04,2.1500000000e-01,4.8716788356e+03
1.5753998200e-04,2.1600000000e-01,4.9054184651e+03
1.5774314400e-04,2.1700000000e-01,4.9389579756e+03
1.5794493500e-04,2.1800000000e-01,4.9723042000e+03
1.5814538100e-04,2.1900000000e-01,5.0054522891e+03
1.5834450800e-04,2.2000000000e-01,5.0383980879e+03
1.5854234100e-04,2.2100000000e-01,5.0711374870e+03
1.5873890500e-04,2.2200000000e-01,5.1036670969e+03
1.5893422400e-04,2.2300000000e-01,5.1359969528e+03
1.5912832100e-04,2.2400000000e-01,5.1681246438e+03
1.5932121900e-04,2.2500000000e-01,5.2000348269e+03
1.5951294100e-04,2.2600000000e-01,5.2317257824e+03
1.5970350900e-04,2.2700000000e-01,5.2632099194e+03
1.5989294400e-04,2.2800000000e-01,5.2944865797e+03
1.6008126700e-04,2.2900000000e-01,5.3255415510e+03
1.6026849900e-04,2.3000000000e-01,5.3563604318e+03
1.6045466100e-04,2.3100000000e-01,5.3869726648e+03
1.6063977100e-04,2.3200000000e-01,5.4173936687e+03
1.6082384800e-04,2.3300000000e-01,5.4475813163e+03
1.6100691200e-04,2.3400000000e-01,5.4775375095e+03
1.6118898100e-04,2.3500000000e-01,5.5072790039e+03
1.6137007300e-04,2.3600000000e-01,5.5367933925e+03
1.6155020600e-04,2.3700000000e-01,5.5660994416e+03
1.6172939600e-04,2.3800000000e-01,5.5952006240e+03
1.6190766000e-04,2.3900000000e-01,5.6240699594e+03
1.6208501500e-04,2.4000000000e-01,5.6527116575e+03
1.6226147700e-04,2.4100000000e-01,5.6811464415e+03
1.6243706100e-04,2.4200000000e-01,5.7093633008e+03
1.6261178300e-04,2.4300000000e-01,5.7373517692e+03
1.6278565800e-04,2.4400000000e-01,5.7651174248e+03
1.6295870100e-04,2.4500000000e-01,5.7926836539e+03
1.6313092500e-04,2.4600000000e-01,5.8200402032e+03
1.6330234500e-04,2.4700000000e-01,5.8471607578e+03
1.6347297500e-04,2.4800000000e-01,5.8740521653e+03
1.6364282900e-04,2.4900000000e-01,5.9007572854e+03
1.6381191800e-04,2.5000000000e-01,5.9272489586e+03
1.6398025700e-04,2.5100000000e-01,5.9535194087e+03
1.6414785700e-04,2.5200000000e-01,5.9795763320e+03
1.6431473200e-04,2.5300000000e-01,6.0054301715e+03
1.6448089200e-04,2.5400000000e-01,6.0310714220e+03
1.6464635100e-04,2.5500000000e-01,6.0564930012e+03
1.6481111900e-04,2.5600000000e-01,6.0817226103e+03
1.6497520800e-04,2.5700000000e-01,6.1067345744e+03
1.6513862900e-04,2.5800000000e-01,6.1315395496e+03
1.6530139300e-04,2.5900000000e-01,6.1561490648e+03
1.6546351000e-04,2.6000000000e-01,6.1805556625e+03
1.6562499100e-04,2.6100000000e-01,6.2047524529e+03
1.6578584600e-04,2.6200000000e-01,6.2287710092e+03
1.6594608400e-04,2.6300000000e-01,6.2525652824e+03
1.6610571700e-04,2.6400000000e-01,6.2761685704e+03
1.6626475200e-04,2.6500000000e-01,6.2995929673e+03
1.6642320000e-04,2.6600000000e-01,6.3227933781e+03
1.6658107000e-04,2.6700000000e-01,6.3458028736e+03
1.6673837100e-04,2.6800000000e-01,6.3686358304e+03
1.6689511100e-04,2.6900000000e-01,6.3912863234e+03
1.6705129900e-04,2.7000000000e-01,6.4137489852e+03
1.6720694300e-04,2.7100000000e-01,6.4359969997e+03
1.6736205300e-04,2.7200000000e-01,6.4580458162e+03
1.6751663600e-04,2.7300000000e-01,6.4799522882e+03
1.6767069900e-04,2.7400000000e-01,6.5016694177e+03
1.6782425100e-04,2.7500000000e-01,6.5231710461e+03
1.6797730000e-04,2.7600000000e-01,6.5445158212e+03
1.6812985200e-04,2.7700000000e-01,6.5656986952e+03
1.6828191500e-04,2.7800000000e-01,6.5866720590e+03
1.6843349700e-04,2.7900000000e-01,6.6074745049e+03
1.6858460400e-04,2.8000000000e-01,6.6281009619e+03
1.6873524400e-04,2.8100000000e-01,6.6485696830e+03
1.6888542200e-04,2.8200000000e-01,6.6688757218e+03
1.6903514600e-04,2.8300000000e-01,6.6889707388e+03
1.6918442300e-04,2.8400000000e-01,6.7089174310e+03
1.6933325800e-04,2.8500000000e-01,6.7287115152e+03
1.6948165800e-04,2.8600000000e-01,6.7483268645e+03
1.6962962900e-04,2.8700000000e-01,6.7677590574e+03
1.6977717800e-04,2.8800000000e-01,6.7870505241e+03
1.6992430900e-04,2.8900000000e-01,6.8061738121e+03
1.7007103000e-04,2.9000000000e-01,6.8251496112e+03
1.7021734400e-04,2.9100000000e-01,6.8439732433e+03
1.7036325900e-04,2.9200000000e-01,6.8625952553e+03
1.7050878000e-04,2.9300000000e-01,6.8810821320e+03
1.7065391200e-04,2.9400000000e-01,6.8994308651e+03
1.7079866000e-04,2.9500000000e-01,6.9176384430e+03
1.7094302900e-04,2.9600000000e-01,6.9356534983e+03
1.7108702600e-04,2.9700000000e-01,6.9535213683e+03
1.7123065400e-04,2.9800000000e-01,6.9712868924e+03
1.7137391800e-04,2.9900000000e-01,6.9888746551e+03
1.7151682400e-04,3.0000000000e-01,7.0063061870e+03
1.7165937600e-04,3.0100000000e-01,7.0236027762e+03
1.7180157900e-04,3.0200000000e-01,7.0407620206e+03
1.7194343700e-04,3.0300000000e-01,7.0577810339e+03
1.7208495500e-04,3.0400000000e-01,7.0746322683e+03
1.7222613800e-04,3.0500000000e-01,7.0913632500e+03
1.7236698900e-04,3.0600000000e-01,7.1079712213e+03
1.7250751300e-04,3.0700000000e-01,7.1244288733e+03
1.7264771400e-04,3.0800000000e-01,7.1407589494e+03
1.7278759600e-04,3.0900000000e-01,7.1569591678e+03
1.7292716300e-04,3.1000000000e-01,7.1730014077e+03
1.7306642000e-04,3.1100000000e-01,7.1889351870e+03
1.7320536900e-04,3.1200000000e-01,7.2047318197e+03
1.7334401600e-04,3.1300000000e-01,7.2203899436e+03
1.7348236300e-04,3.1400000000e-01,7.2359326789e+03
1.7362041500e-04,3.1500000000e-01,7.2513587715e+03
1.7375817400e-04,3.1600000000e-01,7.2666391119e+03
1.7389564600e-04,3.1700000000e-01,7.2817989543e+03
1.7403283200e-04,3.1800000000e-01,7.2968620064e+03
1.7416973700e-04,3.1900000000e-01,7.3117738756e+03
1.7430636400e-04,3.2000000000e-01,7.3265588320e+03
1.7444271700e-04,3.2100000000e-01,7.3412422358e+03
1.7457879800e-04,3.2200000000e-01,7.3558220713e+03
1.7471461100e-04,3.2300000000e-01,7.3702699160e+03
1.7485015900e-04,3.2400000000e-01,7.3846110286e+03
1.7498544500e-04,3.2500000000e-01,7.3988163538e+03
1.7512047300e-04,3.2600000000e-01,7.4129393715e+03
1.7525524400e-04,3.2700000000e-01,7.4269228273e+03
1.7538976400e-04,3.2800000000e-01,7.4407936637e+03
1.7552403300e-04,3.2900000000e-01,7.4545769643e+03
1.7565805600e-04,3.3000000000e-01,7.4682445094e+03
1.7579183400e-04,3.3100000000e-01,7.4818220123e+03
1.7592537100e-04,3.3200000000e-01,7.4952524479e+03
1.7605867000e-04,3.3300000000e-01,7.5085903397e+03
1.7619173300e-04,3.3400000000e-01,7.5218342399e+03
1.7632456300e-04,3.3500000000e-01,7.5349546148e+03
1.7645716300e-04,3.3600000000e-01,7.5479785095e+03
1.7658953500e-04,3.3700000000e-01,7.5609331686e+03
1.7672168100e-04,3.3800000000e-01,7.5737888679e+03
1.7685360400e-04,3.3900000000e-01,7.5865156914e+03
1.7698530700e-04,3.4000000000e-01,7.5991121180e+03
1.7711679300e-04,3.4100000000e-01,7.6116638245e+03
1.7724806200e-04,3.4200000000e-01,7.6241112679e+03
1.7737911900e-04,3.4300000000e-01,7.6364541734e+03
1.7750996400e-04,3.4400000000e-01,7.6487197247e+03
1.7764060100e-04,3.4500000000e-01,7.6608782985e+03
1.7777103100e-04,3.4600000000e-01,7.6729281244e+03
1.7790125800e-04,3.4700000000e-01,7.6848981702e+03
1.7803128200e-04,3.4800000000e-01,7.6967867722e+03
1.7816110700e-04,3.4900000000e-01,7.7085639331e+03
1.7829073400e-04,3.5000000000e-01,7.7202578037e+03
1.7842016600e-04,3.5100000000e-01,7.7318978046e+03
1.7854940300e-04,3.5200000000e-01,7.7434226068e+03
1.7867845000e-04,3.5300000000e-01,7.7548319179e+03
1.7880730700e-04,3.5400000000e-01,7.7662144084e+03
1.7893597600e-04,3.5500000000e-01,7.7774790504e+03
1.7906446000e-04,3.5600000000e-01,7.7886552659e+03
1.7919276000e-04,3.5700000000e-01,7.7997723059e+03
1.7932087800e-04,3.5800000000e-01,7.8107991091e+03
1.7944881600e-04,3.5900000000e-01,7.8217347747e+03
1.7957657600e-04,3.6000000000e-01,7.8325784054e+03
1.7970416000e-04,3.6100000000e-01,7.8433599510e+03
1.7983156900e-04,3.6200000000e-01,7.8540476776e+03
1.7995880600e-04,3.6300000000e-01,7.8646720429e+03
1.8008587100e-04,3.6400000000e-01,7.8752319109e+03
1.8021276700e-04,3.6500000000e-01,7.8856647974e+03
1.8033949600e-04,3.6600000000e-01,7.8960631796e+03
1.8046605800e-04,3.6700000000e-01,7.9063950083e+03
1.8059245600e-04,3.6800000000e-01,7.9166287269e+03
1.8071869100e-04,3.6900000000e-01,7.9267631427e+03
1.8084476600e-04,3.7000000000e-01,7.9368608664e+03
1.8097068000e-04,3.7100000000e-01,7.9469208748e+03
1.8109643600e-04,3.7200000000e-01,7.9568482182e+03
1.8122203600e-04,3.7300000000e-01,7.9667052713e+03
1.8134748100e-04,3.7400000000e-01,7.9765231515e+03
1.8147277200e-04,3.7500000000e-01,7.9862695108e+03
1.8159791100e-04,3.7600000000e-01,7.9959118472e+03
1.8172290000e-04,3.7700000000e-01,8.0055135613e+03
1.8184773900e-04,3.7800000000e-01,8.0150417711e+03
1.8197243100e-04,3.7900000000e-01,8.0244963286e+03
1.8209697600e-04,3.8000000000e-01,8.0339085221e+03
1.8222137600e-04,3.8100000000e-01,8.0432458557e+03
1.8234563200e-04,3.8200000000e-01,8.0525075794e+03
1.8246974600e-04,3.8300000000e-01,8.0616932450e+03
1.8259371900e-04,3.8400000000e-01,8.0708347526e+03
1.8271755200e-04,3.8500000000e-01,8.0798990146e+03
1.8284124700e-04,3.8600000000e-01,8.0889183750e+03
1.8296480400e-04,3.8700000000e-01,8.0978593124e+03
1.8308822600e-04,3.8800000000e-01,8.1067546068e+03
1.8321151200e-04,3.8900000000e-01,8.1155703116e+03
1.8333466600e-04,3.9000000000e-01,8.1243065606e+03
1.8345768700e-04,3.9100000000e-01,8.1330283523e+03
1.8358057700e-04,3.9200000000e-01,8.1417027448e+03
1.8370333600e-04,3.9300000000e-01,8.1502625255e+03
1.8382596800e-04,3.9400000000e-01,8.1587741763e+03
1.8394847100e-04,3.9500000000e-01,8.1672699240e+03
1.8407084800e-04,3.9600000000e-01,8.1756833281e+03
1.8419309900e-04,3.9700000000e-01,8.1840134108e+03
1.8431522700e-04,3.9800000000e-01,8.1922936442e+03
1.8443723100e-04,3.9900000000e-01,8.2005568214e+03
1.8455911300e-04,4.0000000000e-01,8.2087694361e+03
1.8468087300e-04,4.0100000000e-01,8.2168970387e+03
1.8480251400e-04,4.0200000000e-01,8.2249394768e+03
1.8492403600e-04,4.0300000000e-01,8.2329976736e+03
1.8504543900e-04,4.0400000000e-01,8.2409696067e+03
1.8516672600e-04,4.0500000000e-01,8.2488551238e+03
1.8528789700e-04,4.0600000000e-01,8.2567215942e+03
1.8540895300e-04,4.0700000000e-01,8.2645689959e+03
1.8552989400e-04,4.0800000000e-01,8.2723284874e+03
1.8565072300e-04,4.0900000000e-01,8.2799999172e+03
1.8577144000e-04,4.1000000000e-01,8.2876855885e+03
1.8589204500e-04,4.1100000000e-01,8.2953166015e+03
1.8601254000e-04,4.1200000000e-01,8.3028583369e+03
1.8613292600e-04,4.1300000000e-01,8.3103793293e+03
1.8625320300e-04,4.1400000000e-01,8.3178446482e+03
1.8637337300e-04,4.1500000000e-01,8.3252542054e+03
1.8649343600e-04,4.1600000000e-01,8.3326074197e+03
1.8661339400e-04,4.1700000000e-01,8.3399390414e+03
1.8673324600e-04,4.1800000000e-01,8.3472485543e+03
1.8685299400e-04,4.1900000000e-01,8.3544662562e+03
1.8697263900e-04,4.2000000000e-01,8.3616265340e+03
1.8709218200e-04,4.2100000000e-01,8.3687641376e+03
1.8721162300e-04,4.2200000000e-01,8.3758436630e+03
1.8733096400e-04,4.2300000000e-01,8.3829002178e+03
1.8745020400e-04,4.2400000000e-01,8.3898980461e+03
1.8756934600e-04,4.2500000000e-01,8.3968372947e+03
1.8768838900e-04,4.2600000000e-01,8.4037879148e+03
1.8780733400e-04,4.2700000000e-01,8.4106438847e+03
1.8792618300e-04,4.2800000000e-01,8.4174757962e+03
1.8804493500e-04,4.2900000000e-01,8.4242831590e+03
1.8816359200e-04,4.3000000000e-01,8.4309949755e+03
1.8828215500e-04,4.3100000000e-01,8.4376819546e+03
1.8840062400e-04,4.3200000000e-01,8.4443438398e+03
1.8851900000e-04,4.3300000000e-01,8.4509805995e+03
1.8863728300e-04,4.3400000000e-01,8.4575561575e+03
1.8875547500e-04,4.3500000000e-01,8.4641063022e+03
1.8887357500e-04,4.3600000000e-01,8.4705946285e+03
1.8899158600e-04,4.3700000000e-01,8.4770212691e+03
1.8910950700e-04,4.3800000000e-01,8.4834575597e+03
1.8922733900e-04,4.3900000000e-01,8.4898676469e+03
1.8934508200e-04,4.4000000000e-01,8.4962151342e+03
1.8946273800e-04,4.4100000000e-01,8.5024637356e+03
1.8958030800e-04,4.4200000000e-01,8.5087216414e+03
1.8969779100e-04,4.4300000000e-01,8.5149886591e+03
1.8981518800e-04,4.4400000000e-01,8.5211923046e+03
1.8993250000e-04,4.4500000000e-01,8.5273322805e+03
1.9004972800e-04,4.4600000000e-01,8.5334082921e+03
1.9016687300e-04,4.4700000000e-01,8.5394930725e+03
1.9028393400e-04,4.4800000000e-01,8.5455498677e+03
1.9040091300e-04,4.4900000000e-01,8.5515422349e+03
1.9051781000e-04,4.5000000000e-01,8.5575430120e+03
1.9063462500e-04,4.5100000000e-01,8.5634787811e+03
1.9075136000e-04,4.5200000000e-01,8.5693494579e+03
1.9086801500e-04,4.5300000000e-01,8.5752281894e+03
1.9098459000e-04,4.5400000000e-01,8.5810781245e+03
1.9110108600e-04,4.5500000000e-01,8.5868623123e+03
1.9121750400e-04,4.5600000000e-01,8.5926174361e+03
1.9133384400e-04,4.5700000000e-01,8.5983432644e+03
1.9145010700e-04,4.5800000000e-01,8.6040397632e+03
1.9156629300e-04,4.5900000000e-01,8.6097067025e+03
1.9168240300e-04,4.6000000000e-01,8.6153440482e+03
1.9179843700e-04,4.6100000000e-01,8.6209515720e+03
1.9191439600e-04,4.6200000000e-01,8.6264919839e+03
1.9203028100e-04,4.6300000000e-01,8.6320396173e+03
1.9214609100e-04,4.6400000000e-01,8.6375569434e+03
1.9226182800e-04,4.6500000000e-01,8.6430067203e+03
1.9237749200e-04,4.6600000000e-01,8.6484633785e+03
1.9249308300e-04,4.6700000000e-01,8.6538519478e+03
1.9260860300e-04,4.6800000000e-01,8.6592474231e+03
1.9272405000e-04,4.6900000000e-01,8.6646118596e+03
1.9283942700e-04,4.7000000000e-01,8.6699079643e+03
1.9295473300e-04,4.7100000000e-01,8.6751727804e+03
1.9306997000e-04,4.7200000000e-01,8.6804441775e+03
1.9318513600e-04,4.7300000000e-01,8.6856840359e+03
1.9330023400e-04,4.7400000000e-01,8.6908926853e+03
1.9341526200e-04,4.7500000000e-01,8.6960695488e+03
1.9353022300e-04,4.7600000000e-01,8.7011770519e+03
1.9364511600e-04,4.7700000000e-01,8.7062904691e+03
1.9375994200e-04,4.7800000000e-01,8.7114099890e+03
1.9387470000e-04,4.7900000000e-01,8.7164593791e+03
1.9398939300e-04,4.8000000000e-01,8.7214768137e+03
1.9410401900e-04,4.8100000000e-01,8.7264998527e+03
1.9421858000e-04,4.8200000000e-01,8.7314525297e+03
1.9433307600e-04,4.8300000000e-01,8.7364108317e+03
1.9444750700e-04,4.8400000000e-01,8.7413365195e+03
1.9456187400e-04,4.8500000000e-01,8.7461912687e+03
1.9467617800e-04,4.8600000000e-01,8.7510514985e+03
1.9479041800e-04,4.8700000000e-01,8.7559554236e+03
1.9490459400e-04,4.8800000000e-01,8.7607495941e+03
1.9501870900e-04,4.8900000000e-01,8.7655108099e+03
1.9513276100e-04,4.9000000000e-01,8.7702770364e+03
1.9524675200e-04,4.9100000000e-01,8.7750100737e+03
1.9536068100e-04,4.9200000000e-01,8.7797481390e+03
1.9547454900e-04,4.9300000000e-01,8.7844527820e+03
1.9558835600e-04,4.9400000000e-01,8.7890851394e+03
1.9570210400e-04,4.9500000000e-01,8.7937225482e+03
1.9581579100e-04,4.9600000000e-01,8.7983646898e+03
1.9592941900e-04,4.9700000000e-01,8.8028955390e+03
1.9604298900e-04,4.9800000000e-01,8.8074699633e+03
1.9615649900e-04,4.9900000000e-01,8.8120489827e+03
1.9626995100e-04,5.0000000000e-01,8.8165551144e+03
1.9638334500e-04,5.0100000000e-01,8.8210269121e+03
1.9649668200e-04,5.0200000000e-01,8.8255033273e+03
1.9660996100e-04,5.0300000000e-01,8.8299451859e+03
1.9672318400e-04,5.0400000000e-01,8.8343526124e+03
1.9683635000e-04,5.0500000000e-01,8.8387643630e+03
1.9694946000e-04,5.0600000000e-01,8.8431414604e+03
1.9706251400e-04,5.0700000000e-01,8.8475228951e+03
1.9717551200e-04,5.0800000000e-01,8.8518302418e+03
1.9728845600e-04,5.0900000000e-01,8.8561419372e+03
1.9740134400e-04,5.1000000000e-01,8.8604576821e+03
1.9751417800e-04,5.1100000000e-01,8.8646991284e+03
1.9762695800e-04,5.1200000000e-01,8.8689052710e+03
1.9773968500e-04,5.1300000000e-01,8.8731548861e+03
1.9785235700e-04,5.1400000000e-01,8.8773689838e+03
1.9796497700e-04,5.1500000000e-01,8.8815083534e+03
1.9807754400e-04,5.1600000000e-01,8.8856910258e+03
1.9819005800e-04,5.1700000000e-01,8.8898380880e+03
1.9830252000e-04,5.1800000000e-01,8.8939495086e+03
1.9841493000e-04,5.1900000000e-01,8.8980647338e+03
1.9852728800e-04,5.2000000000e-01,8.9021441084e+03
1.9863959500e-04,5.2100000000e-01,8.9061876013e+03
1.9875185100e-04,5.2200000000e-01,8.9101950374e+03
1.9886405700e-04,5.2300000000e-01,8.9142061530e+03
1.9897621200e-04,5.2400000000e-01,8.9182208099e+03
1.9908831700e-04,5.2500000000e-01,8.9221993175e+03
1.9920037200e-04,5.2600000000e-01,8.9261415030e+03
1.9931237800e-04,5.2700000000e-01,8.9300872441e+03
1.9942433400e-04,5.2800000000e-01,8.9339964617e+03
1.9953624200e-04,5.2900000000e-01,8.9378692649e+03
1.9964810100e-04,5.3000000000e-01,8.9417853702e+03
1.9975991100e-04,5.3100000000e-01,8.9456248150e+03
1.9987167400e-04,5.3200000000e-01,8.9494676960e+03
1.9998338800e-04,5.3300000000e-01,8.9533137423e+03
2.0009505500e-04,5.3400000000e-01,8.9570829346e+03
2.0020667500e-04,5.3500000000e-01,8.9608954846e+03
2.0031824700e-04,5.3600000000e-01,8.9646709968e+03
2.0042977300e-04,5.3700000000e-01,8.9683693273e+03
2.0054125300e-04,5.3800000000e-01,8.9721109932e+03
2.0065268600e-04,5.3900000000e-01,8.9758557153e+03
2.0076407300e-04,5.4000000000e-01,8.9795229327e+03
2.0087541500e-04,5.4100000000e-01,8.9831932139e+03
2.0098671100e-04,5.4200000000e-01,8.9868664307e+03
2.0109796200e-04,5.4300000000e-01,8.9905022709e+03
2.0120916800e-04,5.4400000000e-01,8.9941410543e+03
2.0132032900e-04,5.4500000000e-01,8.9977422720e+03
2.0143144600e-04,5.4600000000e-01,9.0013464396e+03
2.0154251800e-04,5.4700000000e-01,9.0049128547e+03
2.0165354700e-04,5.4800000000e-01,9.0084416168e+03
2.0176453200e-04,5.4900000000e-01,9.0120137218e+03
2.0187547300e-04,5.5000000000e-01,9.0155479888e+03
2.0198637100e-04,5.5100000000e-01,9.0190036865e+03
2.0209722700e-04,5.5200000000e-01,9.0225028313e+03
2.0220803900e-04,5.5300000000e-01,9.0260045659e+03
2.0231880900e-04,5.5400000000e-01,9.0294683483e+03
2.0242953600e-04,5.5500000000e-01,9.0328939003e+03
2.0254022200e-04,5.5600000000e-01,9.0363221764e+03
2.0265086500e-04,5.5700000000e-01,9.0397529317e+03
2.0276146700e-04,5.5800000000e-01,9.0431045766e+03
2.0287202800e-04,5.5900000000e-01,9.0464996579e+03
2.0298254700e-04,5.6000000000e-01,9.0498972279e+03
2.0309302500e-04,5.6100000000e-01,9.0532153902e+03
2.0320346300e-04,5.6200000000e-01,9.0565360467e+03
2.0331386000e-04,5.6300000000e-01,9.0599001508e+03
2.0342421600e-04,5.6400000000e-01,9.0631845533e+03
2.0353453300e-04,5.6500000000e-01,9.0664303268e+03
2.0364481000e-04,5.6600000000e-01,9.0697195263e+03
2.0375504700e-04,5.6700000000e-01,9.0730111131e+03
2.0386524400e-04,5.6800000000e-01,9.0762638710e+03
2.0397540200e-04,5.6900000000e-01,9.0794777729e+03
2.0408552100e-04,5.7000000000e-01,9.0826939517e+03
2.0419560100e-04,5.7100000000e-01,9.0858711042e+03
2.0430564300e-04,5.7200000000e-01,9.0890505381e+03
2.0441564600e-04,5.7300000000e-01,9.0922321400e+03
2.0452561100e-04,5.7400000000e-01,9.0954160281e+03
2.0463553700e-04,5.7500000000e-01,9.0985606684e+03
2.0474542600e-04,5.7600000000e-01,9.1016661492e+03
2.0485527700e-04,5.7700000000e-01,9.1048151709e+03
2.0496509000e-04,5.7800000000e-01,9.1078833622e+03
2.0507486700e-04,5.7900000000e-01,9.1109537340e+03
2.0518460600e-04,5.8000000000e-01,9.1140676251e+03
2.0529430800e-04,5.8100000000e-01,9.1171421125e+03
2.0540397300e-04,5.8200000000e-01,9.1201770582e+03
2.0551360200e-04,5.8300000000e-01,9.1232140805e+03
2.0562319400e-04,5.8400000000e-01,9.1262530707e+03
2.0573275000e-04,5.8500000000e-01,9.1292524421e+03
2.0584227000e-04,5.8600000000e-01,9.1322120598e+03
2.0595175500e-04,5.8700000000e-01,9.1352154049e+03
2.0606120300e-04,5.8800000000e-01,9.1382206163e+03
2.0617061600e-04,5.8900000000e-01,9.1411442992e+03
2.0627999400e-04,5.9000000000e-01,9.1440698535e+03
2.0638933700e-04,5.9100000000e-01,9.1470391422e+03
2.0649864400e-04,5.9200000000e-01,9.1499684179e+03
2.0660791700e-04,5.9300000000e-01,9.1528577629e+03
2.0671715500e-04,5.9400000000e-01,9.1557488803e+03
2.0682635900e-04,5.9500000000e-01,9.1586418777e+03
2.0693552800e-04,5.9600000000e-01,9.1614946584e+03
2.0704466400e-04,5.9700000000e-01,9.1643493215e+03
2.0715376500e-04,5.9800000000e-01,9.1672056595e+03
2.0726283300e-04,5.9900000000e-01,9.1700638833e+03
2.0737186600e-04,6.0000000000e-01,9.1728816889e+03
2.0748086700e-04,6.0100000000e-01,9.1756592588e+03
2.0758983400e-04,6.0200000000e-01,9.1784805565e+03
2.0769876800e-04,6.0300000000e-01,9.1812614676e+03
2.0780766900e-04,6.0400000000e-01,9.1840440644e+03
2.0791653700e-04,6.0500000000e-01,9.1868283483e+03
2.0802537200e-04,6.0600000000e-01,9.1895720714e+03
2.0813417500e-04,6.0700000000e-01,9.1923174843e+03
2.0824294500e-04,6.0800000000e-01,9.1950644876e+03
2.0835168300e-04,6.0900000000e-01,9.1977708588e+03
2.0846038900e-04,6.1000000000e-01,9.2004788236e+03
2.0856906300e-04,6.1100000000e-01,9.2031460097e+03
2.0867770600e-04,6.1200000000e-01,9.2058147918e+03
2.0878631700e-04,6.1300000000e-01,9.2085274959e+03
2.0889489600e-04,6.1400000000e-01,9.2111993512e+03
2.0900344400e-04,6.1500000000e-01,9.2138728068e+03
2.0911196000e-04,6.1600000000e-01,9.2165052693e+03
2.0922044600e-04,6.1700000000e-01,9.2190968129e+03
2.0932890100e-04,6.1800000000e-01,9.2217323103e+03
2.0943732500e-04,6.1900000000e-01,9.2243693150e+03
2.0954571800e-04,6.2000000000e-01,9.2269652357e+03
2.0965408100e-04,6.2100000000e-01,9.2295626658e+03
2.0976241300e-04,6.2200000000e-01,9.2321188713e+03
2.0987071600e-04,6.2300000000e-01,9.2346765876e+03
2.0997898800e-04,6.2400000000e-01,9.2372783136e+03
2.1008723000e-04,6.2500000000e-01,9.2398388426e+03
2.1019544200e-04,6.2600000000e-01,9.2423580574e+03
2.1030362500e-04,6.2700000000e-01,9.2448786930e+03
2.1041177800e-04,6.2800000000e-01,9.2474006571e+03
2.1051990200e-04,6.2900000000e-01,9.2498812406e+03
2.1062799700e-04,6.3000000000e-01,9.2524059819e+03
2.1073606200e-04,6.3100000000e-01,9.2549320551e+03
2.1084409800e-04,6.3200000000e-01,9.2573738090e+03
2.1095210600e-04,6.3300000000e-01,9.2598168969e+03
2.1106008500e-04,6.3400000000e-01,9.2623041470e+03
2.1116803500e-04,6.3500000000e-01,9.2647927336e+03
2.1127595600e-04,6.3600000000e-01,9.2671967315e+03
2.1138385000e-04,6.3700000000e-01,9.2696020665e+03
2.1149171500e-04,6.3800000000e-01,9.2720945768e+03
2.1159955100e-04,6.3900000000e-01,9.2745023660e+03
2.1170736000e-04,6.4000000000e-01,9.2768684423e+03
2.1181514100e-04,6.4100000000e-01,9.2792787565e+03
2.1192289400e-04,6.4200000000e-01,9.2816472269e+03
2.1203062000e-04,6.4300000000e-01,9.2840169506e+03
2.1213831800e-04,6.4400000000e-01,9.2864309814e+03
2.1224598800e-04,6.4500000000e-01,9.2887599428e+03
2.1235363200e-04,6.4600000000e-01,9.2910901592e+03
2.1246124800e-04,6.4700000000e-01,9.2934646638e+03
2.1256883700e-04,6.4800000000e-01,9.2957971982e+03
2.1267639900e-04,6.4900000000e-01,9.2981309039e+03
2.1278393400e-04,6.5000000000e-01,9.3004225111e+03
2.1289144300e-04,6.5100000000e-01,9.3027152908e+03
2.1299892500e-04,6.5200000000e-01,9.3050524717e+03
2.1310638000e-04,6.5300000000e-01,9.3073474924e+03
2.1321380900e-04,6.5400000000e-01,9.3096003323e+03
2.1332121200e-04,6.5500000000e-01,9.3118542630e+03
2.1342858900e-04,6.5600000000e-01,9.3141092854e+03
2.1353594000e-04,6.5700000000e-01,9.3164088193e+03
2.1364326400e-04,6.5800000000e-01,9.3186660063e+03
2.1375056300e-04,6.5900000000e-01,9.3208809105e+03
2.1385783600e-04,6.6000000000e-01,9.3230968265e+03
2.1396508400e-04,6.6100000000e-01,9.3253138378e+03
2.1407230600e-04,6.6200000000e-01,9.3275753846e+03
2.1417950200e-04,6.6300000000e-01,9.3297509429e+03
2.1428667400e-04,6.6400000000e-01,9.3319275976e+03
2.1439382000e-04,6.6500000000e-01,9.3341487698e+03
2.1450094100e-04,6.6600000000e-01,9.3363274366e+03
2.1460803700e-04,6.6700000000e-01,9.3385071206e+03
2.1471510800e-04,6.6800000000e-01,9.3406441787e+03
2.1482215500e-04,6.6900000000e-01,9.3428259198e+03
2.1492917600e-04,6.7000000000e-01,9.3450085988e+03
2.1503617300e-04,6.7100000000e-01,9.3471049695e+03
2.1514314600e-04,6.7200000000e-01,9.3492460050e+03
2.1525009400e-04,6.7300000000e-01,9.3513879815e+03
2.1535701800e-04,6.7400000000e-01,9.3534872156e+03
2.1546391800e-04,6.7500000000e-01,9.3555873925e+03
2.1557079400e-04,6.7600000000e-01,9.3577323161e+03
2.1567764500e-04,6.7700000000e-01,9.3598343606e+03
2.1578447300e-04,6.7800000000e-01,9.3618935856e+03
2.1589127700e-04,6.7900000000e-01,9.3639975396e+03
2.1599805700e-04,6.8000000000e-01,9.3660585585e+03
2.1610481400e-04,6.8100000000e-01,9.3681205234e+03
2.1621154700e-04,6.8200000000e-01,9.3701833578e+03
2.1631825700e-04,6.8300000000e-01,9.3722471396e+03
2.1642494300e-04,6.8400000000e-01,9.3743117919e+03
2.1653160600e-04,6.8500000000e-01,9.3763334154e+03
2.1663824600e-04,6.8600000000e-01,9.3783559111e+03
2.1674486300e-04,6.8700000000e-01,9.3803792794e+03
2.1685145700e-04,6.8800000000e-01,9.3824035211e+03
2.1695802800e-04,6.8900000000e-01,9.3844286365e+03
2.1706457600e-04,6.9000000000e-01,9.3864105552e+03
2.1717110200e-04,6.9100000000e-01,9.3883933484e+03
2.1727760500e-04,6.9200000000e-01,9.3904210507e+03
2.1738408500e-04,6.9300000000e-01,9.3924055016e+03
2.1749054300e-04,6.9400000000e-01,9.3943908287e+03
2.1759697800e-04,6.9500000000e-01,9.3963327943e+03
2.1770339200e-04,6.9600000000e-01,9.3982756360e+03
2.1780978300e-04,6.9700000000e-01,9.4002634084e+03
2.1791615200e-04,6.9800000000e-01,9.4022078395e+03
2.1802249900e-04,6.9900000000e-01,9.4041530752e+03
2.1812882400e-04,7.0000000000e-01,9.4060991159e+03
2.1823512700e-04,7.0100000000e-01,9.4080459623e+03
2.1834140800e-04,7.0200000000e-01,9.4099493230e+03
2.1844766800e-04,7.0300000000e-01,9.4118534898e+03
2.1855390600e-04,7.0400000000e-01,9.4137583916e+03
2.1866012300e-04,7.0500000000e-01,9.4156641005e+03
2.1876631800e-04,7.0600000000e-01,9.4176149087e+03
2.1887249100e-04,7.0700000000e-01,9.4194777629e+03
2.1897864400e-04,7.0800000000e-01,9.4213414245e+03
2.1908477500e-04,7.0900000000e-01,9.4232501692e+03
2.1919088500e-04,7.1000000000e-01,9.4251152888e+03
2.1929697400e-04,7.1100000000e-01,9.4269811469e+03
2.1940304200e-04,7.1200000000e-01,9.4288032754e+03
2.1950909000e-04,7.1300000000e-01,9.4306706293e+03
2.1961511600e-04,7.1400000000e-01,9.4325386526e+03
2.1972112200e-04,7.1500000000e-01,9.4344074866e+03
2.1982710600e-04,7.1600000000e-01,9.4362324528e+03
2.1993307100e-04,7.1700000000e-01,9.4380136723e+03
2.2003901500e-04,7.1800000000e-01,9.4398846413e+03
2.2014493800e-04,7.1900000000e-01,9.4417117618e+03
2.2025084100e-04,7.2000000000e-01,9.4434950170e+03
2.2035672400e-04,7.2100000000e-01,9.4453235701e+03
2.2046258600e-04,7.2200000000e-01,9.4471081562e+03
2.2056842900e-04,7.2300000000e-01,9.4488934844e+03
2.2067425100e-04,7.2400000000e-01,9.4507240943e+03
2.2078005300e-04,7.2500000000e-01,9.4524660645e+03
2.2088583600e-04,7.2600000000e-01,9.4542534185e+03
2.2099159800e-04,7.2700000000e-01,9.4560413810e+03
2.2109734100e-04,7.2800000000e-01,9.4577853451e+03
2.2120306400e-04,7.2900000000e-01,9.4595746776e+03
2.2130876700e-04,7.3000000000e-01,9.4613199124e+03
2.2141445100e-04,7.3100000000e-01,9.4630658242e+03
2.2152011500e-04,7.3200000000e-01,9.4648123475e+03
2.2162576000e-04,7.3300000000e-01,9.4665595487e+03
2.2173138500e-04,7.3400000000e-01,9.4682625220e+03
2.2183699200e-04,7.3500000000e-01,9.4699661727e+03
2.2194257900e-04,7.3600000000e-01,9.4717601177e+03
2.2204814600e-04,7.3700000000e-01,9.4734649628e+03
2.2215369500e-04,7.3800000000e-01,9.4751704863e+03
2.2225922400e-04,7.3900000000e-01,9.4768765594e+03
2.2236473500e-04,7.4000000000e-01,9.4785383735e+03
2.2247022700e-04,7.4100000000e-01,9.4802456922e+03
2.2257570000e-04,7.4200000000e-01,9.4819536259e+03
2.2268115400e-04,7.4300000000e-01,9.4836621752e+03
2.2278658900e-04,7.4400000000e-01,9.4853263386e+03
2.2289200600e-04,7.4500000000e-01,9.4869911178e+03
2.2299740400e-04,7.4600000000e-01,9.4887014831e+03
2.2310278300e-04,7.4700000000e-01,9.4903223674e+03
2.2320814500e-04,7.4800000000e-01,9.4919889325e+03
2.2331348700e-04,7.4900000000e-01,9.4936559881e+03
2.2341881200e-04,7.5000000000e-01,9.4952786273e+03
2.2352411800e-04,7.5100000000e-01,9.4969468704e+03
2.2362940600e-04,7.5200000000e-01,9.4985706040e+03
2.2373467600e-04,7.5300000000e-01,9.5002400358e+03
2.2383992700e-04,7.5400000000e-01,9.5018648649e+03
2.2394516100e-04,7.5500000000e-01,9.5034451379e+03
2.2405037700e-04,7.5600000000e-01,9.5050710945e+03
2.2415557500e-04,7.5700000000e-01,9.5066976076e+03
2.2426075500e-04,7.5800000000e-01,9.5083246774e+03
2.2436591700e-04,7.5900000000e-01,9.5099523043e+03
2.2447106100e-04,7.6000000000e-01,9.5115352386e+03
2.2457618800e-04,7.6100000000e-01,9.5131187300e+03
2.2468129700e-04,7.6200000000e-01,9.5147027186e+03
2.2478638900e-04,7.6300000000e-01,9.5162872650e+03
2.2489146300e-04,7.6400000000e-01,9.5178723091e+03
2.2499652000e-04,7.6500000000e-01,9.5194579114e+03
2.2510155900e-04,7.6600000000e-01,9.5210440120e+03
2.2520658100e-04,7.6700000000e-01,9.5225853162e+03
2.2531158600e-04,7.6800000000e-01,9.5241724894e+03
2.2541657300e-04,7.6900000000e-01,9.5257147774e+03
2.2552154400e-04,7.7000000000e-01,9.5272576238e+03
2.2562649700e-04,7.7100000000e-01,9.5288463247e+03
2.2573143300e-04,7.7200000000e-01,9.5303901563e+03
2.2583635200e-04,7.7300000000e-01,9.5318890453e+03
2.2594125500e-04,7.7400000000e-01,9.5334338925e+03
2.2604614000e-04,7.7500000000e-01,9.5349791817e+03
2.2615100900e-04,7.7600000000e-01,9.5364795432e+03
2.2625586100e-04,7.7700000000e-01,9.5380258494e+03
2.2636069600e-04,7.7800000000e-01,9.5395726572e+03
2.2646551400e-04,7.7900000000e-01,9.5410744361e+03
2.2657031600e-04,7.8000000000e-01,9.5425767167e+03
2.2667510100e-04,7.8100000000e-01,9.5440794417e+03
2.2677987000e-04,7.8200000000e-01,9.5455370955e+03
2.2688462300e-04,7.8300000000e-01,9.5470863703e+03
2.2698935800e-04,7.8400000000e-01,9.5485904873e+03
2.2709407800e-04,7.8500000000e-01,9.5500495474e+03
2.2719878100e-04,7.8600000000e-01,9.5515546270e+03
2.2730346800e-04,7.8700000000e-01,9.5530145653e+03
2.2740813900e-04,7.8800000000e-01,9.5544749499e+03
2.2751279400e-04,7.8900000000e-01,9.5559814537e+03
2.2761743200e-04,7.9000000000e-01,9.5574427177e+03
2.2772205500e-04,7.9100000000e-01,9.5588587841e+03
2.2782666200e-04,7.9200000000e-01,9.5603666707e+03
2.2793125200e-04,7.9300000000e-01,9.5618292763e+03
2.2803582700e-04,7.9400000000e-01,9.5632466429e+03
2.2814038600e-04,7.9500000000e-01,9.5647101578e+03
2.2824492900e-04,7.9600000000e-01,9.5661741208e+03
2.2834945600e-04,7.9700000000e-01,9.5675927487e+03
2.2845396800e-04,7.9800000000e-01,9.5690118246e+03
2.2855846400e-04,7.9900000000e-01,9.5704771048e+03
2.2866294400e-04,8.0000000000e-01,9.5718970093e+03
2.2876740900e-04,8.0100000000e-01,9.5733173625e+03
2.2887185800e-04,8.0200000000e-01,9.5747381100e+03
2.2897629200e-04,8.0300000000e-01,9.5761593065e+03
2.2908071000e-04,8.0400000000e-01,9.5775808977e+03
2.2918511300e-04,8.0500000000e-01,9.5789570463e+03
2.2928950100e-04,8.0600000000e-01,9.5803794956e+03
2.2939387300e-04,8.0700000000e-01,9.5818023402e+03
2.2949823000e-04,8.0800000000e-01,9.5831797022e+03
2.2960257200e-04,8.0900000000e-01,9.5845574602e+03
2.2970689900e-04,8.1000000000e-01,9.5859356145e+03
2.2981121100e-04,8.1100000000e-01,9.5873141652e+03
2.2991550800e-04,8.1200000000e-01,9.5887390978e+03
2.3001978900e-04,8.1300000000e-01,9.5901184285e+03
2.3012405600e-04,8.1400000000e-01,9.5914521972e+03
2.3022830800e-04,8.1500000000e-01,9.5928783602e+03
2.3033254400e-04,8.1600000000e-01,9.5942588821e+03
2.3043676600e-04,8.1700000000e-01,9.5955477525e+03
2.3054097400e-04,8.1800000000e-01,9.5969290959e+03
2.3064516600e-04,8.1900000000e-01,9.5983107840e+03
2.3074934400e-04,8.2000000000e-01,9.5996468325e+03
2.3085350700e-04,8.2100000000e-01,9.6009832274e+03
2.3095765600e-04,8.2200000000e-01,9.6023200201e+03
2.3106179000e-04,8.2300000000e-01,9.6037032876e+03
2.3116590900e-04,8.2400000000e-01,9.6050408122e+03
2.3127001400e-04,8.2500000000e-01,9.6063787351e+03
2.3137410400e-04,8.2600000000e-01,9.6077170051e+03
2.3147818000e-04,8.2700000000e-01,9.6090094942e+03
2.3158224200e-04,8.2800000000e-01,9.6103485230e+03
2.3168628900e-04,8.2900000000e-01,9.6116878994e+03
2.3179032200e-04,8.3000000000e-01,9.6129814571e+03
2.3189434100e-04,8.3100000000e-01,9.6142753630e+03
2.3199834600e-04,8.3200000000e-01,9.6156158600e+03
2.3210233600e-04,8.3300000000e-01,9.6169104504e+03
2.3220631300e-04,8.3400000000e-01,9.6182054392e+03
2.3231027500e-04,8.3500000000e-01,9.6195470066e+03
2.3241422300e-04,8.3600000000e-01,9.6208426807e+03
2.3251815700e-04,8.3700000000e-01,9.6221387038e+03
2.3262207700e-04,8.3800000000e-01,9.6233887592e+03
2.3272598400e-04,8.3900000000e-01,9.6246854934e+03
2.3282987600e-04,8.4000000000e-01,9.6260288692e+03
2.3293375400e-04,8.4100000000e-01,9.6272799356e+03
2.3303761900e-04,8.4200000000e-01,9.6285313513e+03
2.3314147000e-04,8.4300000000e-01,9.6298294469e+03
2.3324530700e-04,8.4400000000e-01,9.6310815015e+03
2.3334913100e-04,8.4500000000e-01,9.6323339057e+03
2.3345294100e-04,8.4600000000e-01,9.6336330269e+03
2.3355673700e-04,8.4700000000e-01,9.6348860708e+03
2.3366052000e-04,8.4800000000e-01,9.6361394648e+03
2.3376428900e-04,8.4900000000e-01,9.6374396128e+03
2.3386804400e-04,8.5000000000e-01,9.6386936471e+03
2.3397178600e-04,8.5100000000e-01,9.6399015559e+03
2.3407551500e-04,8.5200000000e-01,9.6411562553e+03
2.3417923000e-04,8.5300000000e-01,9.6424112571e+03
2.3428293200e-04,8.5400000000e-01,9.6436200979e+03
2.3438662100e-04,8.5500000000e-01,9.6448757655e+03
2.3449029600e-04,8.5600000000e-01,9.6461317359e+03
2.3459395800e-04,8.5700000000e-01,9.6473415098e+03
2.3469760700e-04,8.5800000000e-01,9.6485981467e+03
2.3480124200e-04,8.5900000000e-01,9.6498085160e+03
2.3490486500e-04,8.6000000000e-01,9.6510192357e+03
2.3500847400e-04,8.6100000000e-01,9.6522768068e+03
2.3511207000e-04,8.6200000000e-01,9.6534415166e+03
2.3521565400e-04,8.6300000000e-01,9.6546531482e+03
2.3531922400e-04,8.6400000000e-01,9.6559116665e+03
2.3542278100e-04,8.6500000000e-01,9.6571238949e+03
2.3552632500e-04,8.6600000000e-01,9.6582897749e+03
2.3562985700e-04,8.6700000000e-01,9.6595026239e+03
2.3573337500e-04,8.6800000000e-01,9.6607157307e+03
2.3583688100e-04,8.6900000000e-01,9.6618825008e+03
2.3594037400e-04,8.7000000000e-01,9.6630962289e+03
2.3604385400e-04,8.7100000000e-01,9.6643102620e+03
2.3614732100e-04,8.7200000000e-01,9.6654778779e+03
2.3625077600e-04,8.7300000000e-01,9.6666925330e+03
2.3635421700e-04,8.7400000000e-01,9.6678607021e+03
2.3645764700e-04,8.7500000000e-01,9.6690292214e+03
2.3656106300e-04,8.7600000000e-01,9.6701979553e+03
2.3666446800e-04,8.7700000000e-01,9.6713670397e+03
2.3676785900e-04,8.7800000000e-01,9.6725831285e+03
2.3687123800e-04,8.7900000000e-01,9.6737059652e+03
2.3697460500e-04,8.8000000000e-01,9.6748758753e+03
2.3707795900e-04,8.8100000000e-01,9.6760460458e+03
2.3718130100e-04,8.8200000000e-01,9.6772165220e+03
2.3728463000e-04,8.8300000000e-01,9.6783872588e+03
2.3738794700e-04,8.8400000000e-01,9.6795583016e+03
2.3749125100e-04,8.8500000000e-01,9.6806827366e+03
2.3759454400e-04,8.8600000000e-01,9.6818074765e+03
2.3769782400e-04,8.8700000000e-01,9.6829793244e+03
2.3780109200e-04,8.8800000000e-01,9.6841514788e+03
2.3790434700e-04,8.8900000000e-01,9.6852769812e+03
2.3800759100e-04,8.9000000000e-01,9.6864027890e+03
2.3811082200e-04,8.9100000000e-01,9.6875288149e+03
2.3821404200e-04,8.9200000000e-01,9.6886551462e+03
2.3831724900e-04,8.9300000000e-01,9.6898286524e+03
2.3842044400e-04,8.9400000000e-01,9.6909554968e+03
2.3852362700e-04,8.9500000000e-01,9.6920826033e+03
2.3862679800e-04,8.9600000000e-01,9.6932099720e+03
2.3872995700e-04,8.9700000000e-01,9.6942906027e+03
2.3883310500e-04,8.9800000000e-01,9.6954185070e+03
2.3893624000e-04,8.9900000000e-01,9.6965936523e+03
2.3903936300e-04,9.0000000000e-01,9.6976750376e+03
2.3914247500e-04,9.0100000000e-01,9.6987566851e+03
2.3924557500e-04,9.0200000000e-01,9.6998856071e+03
2.3934866300e-04,9.0300000000e-01,9.7010147919e+03
2.3945173900e-04,9.0400000000e-01,9.7020971635e+03
2.3955480400e-04,9.0500000000e-01,9.7032268853e+03
2.3965785600e-04,9.0600000000e-01,9.7043097296e+03
2.3976089800e-04,9.0700000000e-01,9.7053928788e+03
2.3986392700e-04,9.0800000000e-01,9.7065233243e+03
2.3996694500e-04,9.0900000000e-01,9.7076069466e+03
2.4006995100e-04,9.1000000000e-01,9.7086907899e+03
2.4017294600e-04,9.1100000000e-01,9.7097277461e+03
2.4027593000e-04,9.1200000000e-01,9.7108592456e+03
2.4037890100e-04,9.1300000000e-01,9.7119437942e+03
2.4048186200e-04,9.1400000000e-01,9.7130286483e+03
2.4058481000e-04,9.1500000000e-01,9.7141136815e+03
2.4068774800e-04,9.1600000000e-01,9.7151518167e+03
2.4079067400e-04,9.1700000000e-01,9.7162845589e+03
2.4089358800e-04,9.1800000000e-01,9.7173231177e+03
2.4099649200e-04,9.1900000000e-01,9.7183619390e+03
2.4109938400e-04,9.2000000000e-01,9.7194481853e+03
2.4120226500e-04,9.2100000000e-01,9.7205346955e+03
2.4130513400e-04,9.2200000000e-01,9.7216214276e+03
2.4140799200e-04,9.2300000000e-01,9.7226611479e+03
2.4151083900e-04,9.2400000000e-01,9.7237010907e+03
2.4161367500e-04,9.2500000000e-01,9.7247412560e+03
2.4171650000e-04,9.2600000000e-01,9.7258289500e+03
2.4181931300e-04,9.2700000000e-01,9.7268695503e+03
2.4192211600e-04,9.2800000000e-01,9.7279104139e+03
2.4202490700e-04,9.2900000000e-01,9.7289987958e+03
2.4212768700e-04,9.3000000000e-01,9.7299927486e+03
2.4223045700e-04,9.3100000000e-01,9.7310342807e+03
2.4233321500e-04,9.3200000000e-01,9.7321233618e+03
2.4243596200e-04,9.3300000000e-01,9.7331179531e+03
2.4253869900e-04,9.3400000000e-01,9.7341601544e+03
2.4264142400e-04,9.3500000000e-01,9.7352025383e+03
2.4274413900e-04,9.3600000000e-01,9.7362451862e+03
2.4284684200e-04,9.3700000000e-01,9.7372880167e+03
2.4294953500e-04,9.3800000000e-01,9.7382836834e+03
2.4305221700e-04,9.3900000000e-01,9.7393269710e+03
2.4315488800e-04,9.4000000000e-01,9.7403230353e+03
2.4325754900e-04,9.4100000000e-01,9.7413667803e+03
2.4336019800e-04,9.4200000000e-01,9.7424107083e+03
2.4346283700e-04,9.4300000000e-01,9.7434074230e+03
2.4356546500e-04,9.4400000000e-01,9.7444043221e+03
2.4366808300e-04,9.4500000000e-01,9.7454014447e+03
2.4377069000e-04,9.4600000000e-01,9.7464462581e+03
2.4387328600e-04,9.4700000000e-01,9.7474437792e+03
2.4397587200e-04,9.4800000000e-01,9.7484415240e+03
2.4407844700e-04,9.4900000000e-01,9.7494869893e+03
2.4418101100e-04,9.5000000000e-01,9.7504851330e+03
2.4428356500e-04,9.5100000000e-01,9.7514835005e+03
2.4438610800e-04,9.5200000000e-01,9.7524820530e+03
2.4448864100e-04,9.5300000000e-01,9.7534332549e+03
2.4459116400e-04,9.5400000000e-01,9.7544322263e+03
2.4469367600e-04,9.5500000000e-01,9.7554789770e+03
2.4479617700e-04,9.5600000000e-01,9.7564783480e+03
2.4489866800e-04,9.5700000000e-01,9.7574303296e+03
2.4500114900e-04,9.5800000000e-01,9.7583824970e+03
2.4510362000e-04,9.5900000000e-01,9.7593824825e+03
2.4520608000e-04,9.6000000000e-01,9.7603826535e+03
2.4530853000e-04,9.6100000000e-01,9.7613830490e+03
2.4541096900e-04,9.6200000000e-01,9.7623836301e+03
2.4551339800e-04,9.6300000000e-01,9.7633367645e+03
2.4561581700e-04,9.6400000000e-01,9.7642900850e+03
2.4571822600e-04,9.6500000000e-01,9.7652912817e+03
2.4582062400e-04,9.6600000000e-01,9.7662449654e+03
2.4592301300e-04,9.6700000000e-01,9.7671988726e+03
2.4602539100e-04,9.6800000000e-01,9.7682006464e+03
2.4612775900e-04,9.6900000000e-01,9.7691549170e+03
2.4623011700e-04,9.7000000000e-01,9.7701093742e+03
2.4633246500e-04,9.7100000000e-01,9.7711117647e+03
2.4643480200e-04,9.7200000000e-01,9.7720665856e+03
2.4653713000e-04,9.7300000000e-01,9.7729738649e+03
2.4663944800e-04,9.7400000000e-01,9.7739768433e+03
2.4674175500e-04,9.7500000000e-01,9.7749322242e+03
2.4684405300e-04,9.7600000000e-01,9.7758400358e+03
2.4694634100e-04,9.7700000000e-01,9.7767957997e+03
2.4704861900e-04,9.7800000000e-01,9.7777995628e+03
2.4715088600e-04,9.7900000000e-01,9.7787556912e+03
2.4725314400e-04,9.8000000000e-01,9.7796642131e+03
2.4735539200e-04,9.8100000000e-01,9.7806207250e+03
2.4745763000e-04,9.8200000000e-01,9.7815295757e+03
2.4755985900e-04,9.8300000000e-01,9.7824864712e+03
2.4766207700e-04,9.8400000000e-01,9.7834435165e+03
2.4776428600e-04,9.8500000000e-01,9.7843529097e+03
2.4786648500e-04,9.8600000000e-01,9.7853103390e+03
2.4796867400e-04,9.8700000000e-01,9.7862679557e+03
2.4807085300e-04,9.8800000000e-01,9.7871778563e+03
2.4817302300e-04,9.8900000000e-01,9.7880879439e+03
2.4827518300e-04,9.9000000000e-01,9.7890461044e+03
2.4837733300e-04,9.9100000000e-01,9.7899565216e+03
2.4847947400e-04,9.9200000000e-01,9.7908671261e+03
2.4858160500e-04,9.9300000000e-01,9.7918258308e+03
2.4868372600e-04,9.9400000000e-01,9.7927367652e+03
2.4878583800e-04,9.9500000000e-01,9.7936478870e+03
2.4888794000e-04,9.9600000000e-01,9.7946071363e+03
2.4899003200e-04,9.9700000000e-01,9.7955185883e+03
2.4909211500e-04,9.9800000000e-01,9.7963822341e+03
2.4919418900e-04,9.9900000000e-01,9.7972940344e+03
2.4929625300e-04,1.0000000000e+00,9.7982539982e+03
2.4939830700e-04,1.0010000000e+00,9.7991661291e+03
2.4950035200e-04,1.0020000000e+00,9.8000784477e+03
2.4960238700e-04,1.0030000000e+00,9.8009909183e+03
2.4970441300e-04,1.0040000000e+00,9.8018555294e+03
2.4980643000e-04,1.0050000000e+00,9.8027683489e+03
2.4990843700e-04,1.0060000000e+00,9.8036813205e+03
2.5001043500e-04,1.0070000000e+00,9.8045464063e+03
2.5011242400e-04,1.0080000000e+00,9.8054597271e+03
2.5021440300e-04,1.0090000000e+00,9.8063732001e+03
2.5031637300e-04,1.0100000000e+00,9.8072868613e+03
2.5041833300e-04,1.0110000000e+00,9.8082006748e+03
2.5052028400e-04,1.0120000000e+00,9.8090665584e+03
2.5062222600e-04,1.0130000000e+00,9.8099325949e+03
2.5072415900e-04,1.0140000000e+00,9.8107987844e+03
2.5082608300e-04,1.0150000000e+00,9.8117132705e+03
2.5092799700e-04,1.0160000000e+00,9.8126279091e+03
2.5102990200e-04,1.0170000000e+00,9.8134945746e+03
2.5113179800e-04,1.0180000000e+00,9.8144095633e+03
2.5123368400e-04,1.0190000000e+00,9.8152765266e+03
2.5133556200e-04,1.0200000000e+00,9.8161436771e+03
2.5143743000e-04,1.0210000000e+00,9.8170109468e+03
2.5153929000e-04,1.0220000000e+00,9.8178784038e+03
2.5164114000e-04,1.0230000000e+00,9.8187941922e+03
2.5174298100e-04,1.0240000000e+00,9.8196619474e+03
2.5184481300e-04,1.0250000000e+00,9.8205298559e+03
2.5194663600e-04,1.0260000000e+00,9.8213979179e+03
2.5204845000e-04,1.0270000000e+00,9.8222661334e+03
2.5215025500e-04,1.0280000000e+00,9.8231345024e+03
2.5225205100e-04,1.0290000000e+00,9.8240030249e+03
2.5235383800e-04,1.0300000000e+00,9.8248717010e+03
2.5245561600e-04,1.0310000000e+00,9.8257405308e+03
2.5255738500e-04,1.0320000000e+00,9.8266095142e+03
2.5265914500e-04,1.0330000000e+00,9.8274786514e+03
2.5276089600e-04,1.0340000000e+00,9.8283479423e+03
2.5286263800e-04,1.0350000000e+00,9.8291690724e+03
2.5296437200e-04,1.0360000000e+00,9.8300386795e+03
2.5306609600e-04,1.0370000000e+00,9.8309084063e+03
2.5316781200e-04,1.0380000000e+00,9.8317299805e+03
2.5326951900e-04,1.0390000000e+00,9.8326000238e+03
2.5337121700e-04,1.0400000000e+00,9.8334702210e+03
2.5347290600e-04,1.0410000000e+00,9.8342922073e+03
2.5357458700e-04,1.0420000000e+00,9.8351143471e+03
2.5367625900e-04,1.0430000000e+00,9.8359849895e+03
2.5377792200e-04,1.0440000000e+00,9.8368557860e+03
2.5387957600e-04,1.0450000000e+00,9.8376783384e+03
2.5398122200e-04,1.0460000000e+00,9.8385494519e+03
2.5408285800e-04,1.0470000000e+00,9.8393722714e+03
2.5418448700e-04,1.0480000000e+00,9.8401952771e+03
2.5428610600e-04,1.0490000000e+00,9.8410668021e+03
2.5438771700e-04,1.0500000000e+00,9.8418900752e+03
2.5448931900e-04,1.0510000000e+00,9.8427134698e+03
2.5459091300e-04,1.0520000000e+00,9.8435370183e+03
2.5469249800e-04,1.0530000000e+00,9.8444091526e+03
2.5479407400e-04,1.0540000000e+00,9.8452329687e+03
2.5489564200e-04,1.0550000000e+00,9.8460569390e+03
2.5499720100e-04,1.0560000000e+00,9.8468810310e+03
2.5509875200e-04,1.0570000000e+00,9.8477052772e+03
2.5520029400e-04,1.0580000000e+00,9.8485781502e+03
2.5530182700e-04,1.0590000000e+00,9.8493541520e+03
2.5540335300e-04,1.0600000000e+00,9.8501788285e+03
2.5550486900e-04,1.0610000000e+00,9.8510521230e+03
2.5560637700e-04,1.0620000000e+00,9.8518285300e+03
2.5570787700e-04,1.0630000000e+00,9.8526536047e+03
2.5580936800e-04,1.0640000000e+00,9.8534788013e+03
2.5591085100e-04,1.0650000000e+00,9.8542555909e+03
2.5601232600e-04,1.0660000000e+00,9.8550810722e+03
2.5611379200e-04,1.0670000000e+00,9.8559552533e+03
2.5621524900e-04,1.0680000000e+00,9.8567324181e+03
2.5631669900e-04,1.0690000000e+00,9.8575583307e+03
2.5641813900e-04,1.0700000000e+00,9.8583843329e+03
2.5651957200e-04,1.0710000000e+00,9.8591619115e+03
2.5662099600e-04,1.0720000000e+00,9.8599881987e+03
2.5672241200e-04,1.0730000000e+00,9.8607660150e+03
2.5682382000e-04,1.0740000000e+00,9.8615925874e+03
2.5692521900e-04,1.0750000000e+00,9.8624192821e+03
2.5702661000e-04,1.0760000000e+00,9.8631974821e+03
2.5712799300e-04,1.0770000000e+00,9.8639758048e+03
2.5722936800e-04,1.0780000000e+00,9.8648029155e+03
2.5733073400e-04,1.0790000000e+00,9.8656301485e+03
2.5743209200e-04,1.0800000000e+00,9.8664088552e+03
2.5753344200e-04,1.0810000000e+00,9.8671876849e+03
2.5763478400e-04,1.0820000000e+00,9.8680153343e+03
2.5773611700e-04,1.0830000000e+00,9.8687944023e+03
2.5783744300e-04,1.0840000000e+00,9.8695736240e+03
2.5793876000e-04,1.0850000000e+00,9.8704016574e+03
2.5804006900e-04,1.0860000000e+00,9.8711811176e+03
2.5814137000e-04,1.0870000000e+00,9.8719607009e+03
2.5824266300e-04,1.0880000000e+00,9.8727404073e+03
2.5834394800e-04,1.0890000000e+00,9.8735202370e+03
2.5844522500e-04,1.0900000000e+00,9.8743001898e+03
2.5854649400e-04,1.0910000000e+00,9.8751290329e+03
2.5864775400e-04,1.0920000000e+00,9.8759092245e+03
2.5874900700e-04,1.0930000000e+00,9.8766407878e+03
2.5885025200e-04,1.0940000000e+00,9.8774700239e+03
2.5895148800e-04,1.0950000000e+00,9.8782505854e+03
2.5905271700e-04,1.0960000000e+00,9.8790313012e+03
2.5915393700e-04,1.0970000000e+00,9.8798121096e+03
2.5925515000e-04,1.0980000000e+00,9.8805442512e+03
2.5935635500e-04,1.0990000000e+00,9.8813741430e+03
2.5945755100e-04,1.1000000000e+00,9.8821553217e+03
2.5955874000e-04,1.1010000000e+00,9.8828878107e+03
2.5965992100e-04,1.1020000000e+00,9.8836692443e+03
2.5976109400e-04,1.1030000000e+00,9.8844508014e+03
2.5986225900e-04,1.1040000000e+00,9.8852324822e+03
2.5996341600e-04,1.1050000000e+00,9.8859654129e+03
2.6006456600e-04,1.1060000000e+00,9.8867473487e+03
2.6016570700e-04,1.1070000000e+00,9.8875293773e+03
2.6026684100e-04,1.1080000000e+00,9.8882626632e+03
2.6036796700e-04,1.1090000000e+00,9.8890449470e+03
2.6046908500e-04,1.1100000000e+00,9.8898273546e+03
2.6057019500e-04,1.1110000000e+00,9.8906098860e+03
2.6067129700e-04,1.1120000000e+00,9.8913436144e+03
2.6077239200e-04,1.1130000000e+00,9.8920774662e+03
2.6087347900e-04,1.1140000000e+00,9.8928603537e+03
2.6097455800e-04,1.1150000000e+00,9.8936433651e+03
2.6107562900e-04,1.1160000000e+00,9.8943775437e+03
2.6117669300e-04,1.1170000000e+00,9.8951118458e+03
2.6127774900e-04,1.1180000000e+00,9.8958952137e+03
2.6137879700e-04,1.1190000000e+00,9.8966297265e+03
2.6147983800e-04,1.1200000000e+00,9.8973643629e+03
2.6158087100e-04,1.1210000000e+00,9.8981480875e+03
2.6168189600e-04,1.1220000000e+00,9.8989319363e+03
2.6178291300e-04,1.1230000000e+00,9.8996669000e+03
2.6188392300e-04,1.1240000000e+00,9.9004019874e+03
2.6198492500e-04,1.1250000000e+00,9.9011371694e+03
2.6208592000e-04,1.1260000000e+00,9.9018724751e+03
2.6218690700e-04,1.1270000000e+00,9.9026569139e+03
2.6228788600e-04,1.1280000000e+00,9.9033924309e+03
2.6238885800e-04,1.1290000000e+00,9.9040790187e+03
2.6248982300e-04,1.1300000000e+00,9.9048638227e+03
2.6259077900e-04,1.1310000000e+00,9.9055996530e+03
2.6269172900e-04,1.1320000000e+00,9.9063356363e+03
2.6279267000e-04,1.1330000000e+00,9.9071207669e+03
2.6289360400e-04,1.1340000000e+00,9.9078078718e+03
2.6299453100e-04,1.1350000000e+00,9.9085441687e+03
2.6309545000e-04,1.1360000000e+00,9.9092805605e+03
2.6319636200e-04,1.1370000000e+00,9.9100170764e+03
2.6329726600e-04,1.1380000000e+00,9.9108028062e+03
2.6339816200e-04,1.1390000000e+00,9.9115395337e+03
2.6349905100e-04,1.1400000000e+00,9.9122272518e+03
2.6359993300e-04,1.1410000000e+00,9.9129150652e+03
2.6370080800e-04,1.1420000000e+00,9.9137012702e+03
2.6380167400e-04,1.1430000000e+00,9.9144384142e+03
2.6390253400e-04,1.1440000000e+00,9.9151265482e+03
2.6400338600e-04,1.1450000000e+00,9.9158639187e+03
2.6410423100e-04,1.1460000000e+00,9.9166014136e+03
2.6420506800e-04,1.1470000000e+00,9.9173390035e+03
2.6430589800e-04,1.1480000000e+00,9.9180275266e+03
2.6440672100e-04,1.1490000000e+00,9.9187653433e+03
2.6450753600e-04,1.1500000000e+00,9.9195032552e+03
2.6460834400e-04,1.1510000000e+00,9.9202412915e+03
2.6470914400e-04,1.1520000000e+00,9.9209302040e+03
2.6480993800e-04,1.1530000000e+00,9.9216192395e+03
2.6491072400e-04,1.1540000000e+00,9.9224068102e+03
2.6501150200e-04,1.1550000000e+00,9.9230960235e+03
2.6511227400e-04,1.1560000000e+00,9.9237853599e+03
2.6521303800e-04,1.1570000000e+00,9.9245240190e+03
2.6531379500e-04,1.1580000000e+00,9.9252628026e+03
2.6541454400e-04,1.1590000000e+00,9.9259524127e+03
2.6551528700e-04,1.1600000000e+00,9.9266421461e+03
2.6561602200e-04,1.1610000000e+00,9.9273812304e+03
2.6571675000e-04,1.1620000000e+00,9.9280711487e+03
2.6581747100e-04,1.1630000000e+00,9.9288104605e+03
2.6591818400e-04,1.1640000000e+00,9.9295005637e+03
2.6601889100e-04,1.1650000000e+00,9.9301907903e+03
2.6611959000e-04,1.1660000000e+00,9.9309304032e+03
2.6622028200e-04,1.1670000000e+00,9.9316208149e+03
2.6632096700e-04,1.1680000000e+00,9.9323113225e+03
2.6642164500e-04,1.1690000000e+00,9.9330019262e+03
2.6652231600e-04,1.1700000000e+00,9.9337419726e+03
2.6662297900e-04,1.1710000000e+00,9.9344327615e+03
2.6672363600e-04,1.1720000000e+00,9.9351236740e+03
2.6682428500e-04,1.1730000000e+00,9.9358640219e+03
2.6692492700e-04,1.1740000000e+00,9.9365551198e+03
2.6702556200e-04,1.1750000000e+00,9.9371969332e+03
2.6712619100e-04,1.1760000000e+00,9.9378882302e+03
2.6722681200e-04,1.1770000000e+00,9.9386289902e+03
2.6732742600e-04,1.1780000000e+00,9.9393204727e+03
2.6742803300e-04,1.1790000000e+00,9.9400120515e+03
2.6752863300e-04,1.1800000000e+00,9.9407037265e+03
2.6762922600e-04,1.1810000000e+00,9.9414449210e+03
2.6772981100e-04,1.1820000000e+00,9.9421367817e+03
2.6783039000e-04,1.1830000000e+00,9.9427793292e+03
2.6793096200e-04,1.1840000000e+00,9.9434713894e+03
2.6803152700e-04,1.1850000000e+00,9.9441635459e+03
2.6813208500e-04,1.1860000000e+00,9.9448063426e+03
2.6823263700e-04,1.1870000000e+00,9.9454986988e+03
2.6833318100e-04,1.1880000000e+00,9.9462405938e+03
2.6843371800e-04,1.1890000000e+00,9.9469331360e+03
2.6853424800e-04,1.1900000000e+00,9.9476257745e+03
2.6863477100e-04,1.1910000000e+00,9.9482690189e+03
2.6873528800e-04,1.1920000000e+00,9.9489618573e+03
2.6883579700e-04,1.1930000000e+00,9.9496547647e+03
2.6893630000e-04,1.1940000000e+00,9.9502982843e+03
2.6903679600e-04,1.1950000000e+00,9.9509913917e+03
2.6913728500e-04,1.1960000000e+00,9.9516845956e+03
2.6923776700e-04,1.1970000000e+00,9.9523778960e+03
2.6933824200e-04,1.1980000000e+00,9.9530217551e+03
2.6943871100e-04,1.1990000000e+00,9.9537152558e+03
2.6953917200e-04,1.2000000000e+00,9.9544088254e+03
2.6963962700e-04,1.2010000000e+00,9.9550529602e+03
2.6974007500e-04,1.2020000000e+00,9.9557467301e+03
2.6984051600e-04,1.2030000000e+00,9.9564405967e+03
2.6994095000e-04,1.2040000000e+00,9.9570849816e+03
2.7004137800e-04,1.2050000000e+00,9.9577294627e+03
2.7014179900e-04,1.2060000000e+00,9.9584236057e+03
2.7024221300e-04,1.2070000000e+00,9.9591178455e+03
2.7034262000e-04,1.2080000000e+00,9.9597625770e+03
2.7044302100e-04,1.2090000000e+00,9.9604074049e+03
2.7054341500e-04,1.2100000000e+00,9.9611019213e+03
2.7064380200e-04,1.2110000000e+00,9.9617965346e+03
2.7074418200e-04,1.2120000000e+00,9.9624416130e+03
2.7084455600e-04,1.2130000000e+00,9.9630867878e+03
2.7094492300e-04,1.2140000000e+00,9.9637816779e+03
2.7104528300e-04,1.2150000000e+00,9.9644270134e+03
2.7114563700e-04,1.2160000000e+00,9.9650724454e+03
2.7124598400e-04,1.2170000000e+00,9.9657676126e+03
2.7134632400e-04,1.2180000000e+00,9.9664132054e+03
2.7144665800e-04,1.2190000000e+00,9.9670588947e+03
2.7154698500e-04,1.2200000000e+00,9.9677046548e+03
2.7164730600e-04,1.2210000000e+00,9.9684002032e+03
2.7174761900e-04,1.2220000000e+00,9.9690461242e+03
2.7184792700e-04,1.2230000000e+00,9.9696921676e+03
2.7194822700e-04,1.2240000000e+00,9.9703879656e+03
2.7204852100e-04,1.2250000000e+00,9.9709844531e+03
2.7214880900e-04,1.2260000000e+00,9.9716307349e+03
2.7224909000e-04,1.2270000000e+00,9.9723268174e+03
2.7234936400e-04,1.2280000000e+00,9.9729732604e+03
2.7244963200e-04,1.2290000000e+00,9.9736198000e+03
2.7254989300e-04,1.2300000000e+00,9.9742664106e+03
2.7265014800e-04,1.2310000000e+00,9.9749131179e+03
2.7275039600e-04,1.2320000000e+00,9.9756096588e+03
2.7285063700e-04,1.2330000000e+00,9.9762067593e+03
2.7295087300e-04,1.2340000000e+00,9.9768537312e+03
2.7305110100e-04,1.2350000000e+00,9.9775505292e+03
2.7315132300e-04,1.2360000000e+00,9.9781478741e+03
2.7325153900e-04,1.2370000000e+00,9.9787950848e+03
2.7335174800e-04,1.2380000000e+00,9.9794423666e+03
2.7345195100e-04,1.2390000000e+00,9.9800897454e+03
2.7355214700e-04,1.2400000000e+00,9.9807371951e+03
2.7365233700e-04,1.2410000000e+00,9.9813847419e+03
2.7375252000e-04,1.2420000000e+00,9.9820323597e+03
2.7385269700e-04,1.2430000000e+00,9.9826302413e+03
2.7395286800e-04,1.2440000000e+00,9.9832780337e+03
2.7405303200e-04,1.2450000000e+00,9.9839258972e+03
2.7415319000e-04,1.2460000000e+00,9.9845738578e+03
2.7425334100e-04,1.2470000000e+00,9.9852218896e+03
2.7435348600e-04,1.2480000000e+00,9.9858201533e+03
2.7445362500e-04,1.2490000000e+00,9.9864683598e+03
2.7455375700e-04,1.2500000000e+00,9.9871166375e+03
2.7465388300e-04,1.2510000000e+00,9.9877650123e+03
2.7475400200e-04,1.2520000000e+00,9.9883635689e+03
2.7485411600e-04,1.2530000000e+00,9.9890121186e+03
2.7495422200e-04,1.2540000000e+00,9.9896607136e+03
2.7505432300e-04,1.2550000000e+00,9.9902595214e+03
2.7515441700e-04,1.2560000000e+00,9.9909082914e+03
2.7525450500e-04,1.2570000000e+00,9.9915072368e+03
2.7535458700e-04,1.2580000000e+00,9.9921561819e+03
2.7545466200e-04,1.2590000000e+00,9.9928051982e+03
2.7555473100e-04,1.2600000000e+00,9.9934043711e+03
2.7565479400e-04,1.2610000000e+00,9.9940535626e+03
2.7575485000e-04,1.2620000000e+00,9.9947028255e+03
2.7585490000e-04,1.2630000000e+00,9.9953022259e+03
2.7595494400e-04,1.2640000000e+00,9.9959016983e+03
2.7605498200e-04,1.2650000000e+00,9.9965012426e+03
2.7615501400e-04,1.2660000000e+00,9.9971508365e+03
2.7625503900e-04,1.2670000000e+00,9.9978005019e+03
2.7635505800e-04,1.2680000000e+00,9.9984002740e+03
2.7645507100e-04,1.2690000000e+00,9.9990001180e+03
2.7655507800e-04,1.2700000000e+00,9.9996500367e+03
2.7665507800e-04,1.2710000000e+00,1.0000250019e+04
2.7675507300e-04,1.2720000000e+00,1.0000850097e+04
2.7685506100e-04,1.2730000000e+00,1.0001500243e+04
2.7695504300e-04,1.2740000000e+00,1.0002100459e+04
2.7705501900e-04,1.2750000000e+00,1.0002700747e+04
2.7715498900e-04,1.2760000000e+00,1.0003351147e+04
2.7725495200e-04,1.2770000000e+00,1.0003951573e+04
2.7735491000e-04,1.2780000000e+00,1.0004552096e+04
2.7745486100e-04,1.2790000000e+00,1.0005202723e+04
2.7755480600e-04,1.2800000000e+00,1.0005803384e+04
2.7765474500e-04,1.2810000000e+00,1.0006404117e+04
2.7775467800e-04,1.2820000000e+00,1.0007004921e+04
2.7785460500e-04,1.2830000000e+00,1.0007605798e+04
2.7795452600e-04,1.2840000000e+00,1.0008206748e+04
2.7805444100e-04,1.2850000000e+00,1.0008807769e+04
2.7815435000e-04,1.2860000000e+00,1.0009458963e+04
2.7825425200e-04,1.2870000000e+00,1.0010060123e+04
2.7835414900e-04,1.2880000000e+00,1.0010611266e+04
2.7845404000e-04,1.2890000000e+00,1.0011262695e+04
2.7855392400e-04,1.2900000000e+00,1.0011864071e+04
2.7865380300e-04,1.2910000000e+00,1.0012415413e+04
2.7875367600e-04,1.2920000000e+00,1.0013067077e+04
2.7885354200e-04,1.2930000000e+00,1.0013668670e+04
2.7895340300e-04,1.2940000000e+00,1.0014270360e+04
2.7905325700e-04,1.2950000000e+00,1.0014872098e+04
2.7915310600e-04,1.2960000000e+00,1.0015473932e+04
2.7925294800e-04,1.2970000000e+00,1.0016075814e+04
2.7935278500e-04,1.2980000000e+00,1.0016627620e+04
2.7945261600e-04,1.2990000000e+00,1.0017229653e+04
2.7955244100e-04,1.3000000000e+00,1.0017831759e+04
2.7965226000e-04,1.3010000000e+00,1.0018484128e+04
2.7975207200e-04,1.3020000000e+00,1.0019086372e+04
2.7985187900e-04,1.3030000000e+00,1.0019588308e+04
2.7995168100e-04,1.3040000000e+00,1.0020190709e+04
2.8005147600e-04,1.3050000000e+00,1.0020843372e+04
2.8015126500e-04,1.3060000000e+00,1.0021445912e+04
2.8025104800e-04,1.3070000000e+00,1.0021998299e+04
2.8035082600e-04,1.3080000000e+00,1.0022550757e+04
2.8045059800e-04,1.3090000000e+00,1.0023203741e+04
2.8055036300e-04,1.3100000000e+00,1.0023806553e+04
2.8065012300e-04,1.3110000000e+00,1.0024359211e+04
2.8074987700e-04,1.3120000000e+00,1.0024911919e+04
2.8084962600e-04,1.3130000000e+00,1.0025514960e+04
2.8094936800e-04,1.3140000000e+00,1.0026118050e+04
2.8104910500e-04,1.3150000000e+00,1.0026721237e+04
2.8114883500e-04,1.3160000000e+00,1.0027324472e+04
2.8124856000e-04,1.3170000000e+00,1.0027827233e+04
2.8134828000e-04,1.3180000000e+00,1.0028430625e+04
2.8144799300e-04,1.3190000000e+00,1.0029034066e+04
2.8154770100e-04,1.3200000000e+00,1.0029637604e+04
2.8164740200e-04,1.3210000000e+00,1.0030241190e+04
2.8174709800e-04,1.3220000000e+00,1.0030744244e+04
2.8184678900e-04,1.3230000000e+00,1.0031347987e+04
2.8194647300e-04,1.3240000000e+00,1.0031951779e+04
2.8204615200e-04,1.3250000000e+00,1.0032505335e+04
2.8214582500e-04,1.3260000000e+00,1.0033058942e+04
2.8224549300e-04,1.3270000000e+00,1.0033662964e+04
2.8234515400e-04,1.3280000000e+00,1.0034267035e+04
2.8244481000e-04,1.3290000000e+00,1.0034820846e+04
2.8254446000e-04,1.3300000000e+00,1.0035374708e+04
2.8264410500e-04,1.3310000000e+00,1.0035928643e+04
2.8274374400e-04,1.3320000000e+00,1.0036532998e+04
2.8284337700e-04,1.3330000000e+00,1.0037137427e+04
2.8294300400e-04,1.3340000000e+00,1.0037691544e+04
2.8304262600e-04,1.3350000000e+00,1.0038245734e+04
2.8314224200e-04,1.3360000000e+00,1.0038799974e+04
2.8324185300e-04,1.3370000000e+00,1.0039354287e+04
2.8334145800e-04,1.3380000000e+00,1.0039959055e+04
2.8344105700e-04,1.3390000000e+00,1.0040513485e+04
2.8354065100e-04,1.3400000000e+00,1.0041067986e+04
2.8364023900e-04,1.3410000000e+00,1.0041672961e+04
2.8373982100e-04,1.3420000000e+00,1.0042227580e+04
2.8383939800e-04,1.3430000000e+00,1.0042782271e+04
2.8393896900e-04,1.3440000000e+00,1.0043337012e+04
2.8403853500e-04,1.3450000000e+00,1.0043891825e+04
2.8413809500e-04,1.3460000000e+00,1.0044497140e+04
2.8423764900e-04,1.3470000000e+00,1.0045052071e+04
2.8433719800e-04,1.3480000000e+00,1.0045556612e+04
2.8443674200e-04,1.3490000000e+00,1.0046162140e+04
2.8453627900e-04,1.3500000000e+00,1.0046717243e+04
2.8463581200e-04,1.3510000000e+00,1.0047221961e+04
2.8473533900e-04,1.3520000000e+00,1.0047827678e+04
2.8483486000e-04,1.3530000000e+00,1.0048382977e+04
2.8493437600e-04,1.3540000000e+00,1.0048938348e+04
2.8503388600e-04,1.3550000000e+00,1.0049493769e+04
2.8513339100e-04,1.3560000000e+00,1.0050049264e+04
2.8523289000e-04,1.3570000000e+00,1.0050604808e+04
2.8533238400e-04,1.3580000000e+00,1.0051160425e+04
2.8543187200e-04,1.3590000000e+00,1.0051716092e+04
2.8553135500e-04,1.3600000000e+00,1.0052271832e+04
2.8563083200e-04,1.3610000000e+00,1.0052827622e+04
2.8573030400e-04,1.3620000000e+00,1.0053332944e+04
2.8582977100e-04,1.3630000000e+00,1.0053888863e+04
2.8592923200e-04,1.3640000000e+00,1.0054495383e+04
2.8602868700e-04,1.3650000000e+00,1.0055000863e+04
2.8612813800e-04,1.3660000000e+00,1.0055556977e+04
2.8622758200e-04,1.3670000000e+00,1.0056113119e+04
2.8632702200e-04,1.3680000000e+00,1.0056618782e+04
2.8642645600e-04,1.3690000000e+00,1.0057225632e+04
2.8652588400e-04,1.3700000000e+00,1.0057731386e+04
2.8662530800e-04,1.3710000000e+00,1.0058237212e+04
2.8672472600e-04,1.3720000000e+00,1.0058844257e+04
2.8682413800e-04,1.3730000000e+00,1.0059400774e+04
2.8692354500e-04,1.3740000000e+00,1.0059906757e+04
2.8702294700e-04,1.3750000000e+00,1.0060412791e+04
2.8712234400e-04,1.3760000000e+00,1.0060969493e+04
2.8722173500e-04,1.3770000000e+00,1.0061526246e+04
2.8732112100e-04,1.3780000000e+00,1.0062083071e+04
2.8742050100e-04,1.3790000000e+00,1.0062589314e+04
2.8751987700e-04,1.3800000000e+00,1.0063146268e+04
2.8761924600e-04,1.3810000000e+00,1.0063703250e+04
2.8771861100e-04,1.3820000000e+00,1.0064209676e+04
2.8781797000e-04,1.3830000000e+00,1.0064716133e+04
2.8791732500e-04,1.3840000000e+00,1.0065273322e+04
2.8801667300e-04,1.3850000000e+00,1.0065830540e+04
2.8811601700e-04,1.3860000000e+00,1.0066337180e+04
2.8821535500e-04,1.3870000000e+00,1.0066894527e+04
2.8831468800e-04,1.3880000000e+00,1.0067401264e+04
2.8841401600e-04,1.3890000000e+00,1.0067908052e+04
2.8851333900e-04,1.3900000000e+00,1.0068465584e+04
2.8861265600e-04,1.3910000000e+00,1.0069023166e+04
2.8871196800e-04,1.3920000000e+00,1.0069530118e+04
2.8881127500e-04,1.3930000000e+00,1.0070037121e+04
2.8891057700e-04,1.3940000000e+00,1.0070544175e+04
2.8900987400e-04,1.3950000000e+00,1.0071101998e+04
2.8910916500e-04,1.3960000000e+00,1.0071659873e+04
2.8920845100e-04,1.3970000000e+00,1.0072116361e+04
2.8930773300e-04,1.3980000000e+00,1.0072674370e+04
2.8940700800e-04,1.3990000000e+00,1.0073232408e+04
2.8950627900e-04,1.4000000000e+00,1.0073689048e+04
2.8960554500e-04,1.4010000000e+00,1.0074247220e+04
2.8970480500e-04,1.4020000000e+00,1.0074754688e+04
2.8980406100e-04,1.4030000000e+00,1.0075262227e+04
2.8990331100e-04,1.4040000000e+00,1.0075820562e+04
2.9000255600e-04,1.4050000000e+00,1.0076328199e+04
2.9010179600e-04,1.4060000000e+00,1.0076835886e+04
2.9020103100e-04,1.4070000000e+00,1.0077343625e+04
2.9030026100e-04,1.4080000000e+00,1.0077851415e+04
2.9039948600e-04,1.4090000000e+00,1.0078359256e+04
2.9049870600e-04,1.4100000000e+00,1.0078867148e+04
2.9059792100e-04,1.4110000000e+00,1.0079425894e+04
2.9069713000e-04,1.4120000000e+00,1.0079933884e+04
2.9079633500e-04,1.4130000000e+00,1.0080391132e+04
2.9089553500e-04,1.4140000000e+00,1.0080950047e+04
2.9099472900e-04,1.4150000000e+00,1.0081458190e+04
2.9109391900e-04,1.4160000000e+00,1.0081966405e+04
2.9119310300e-04,1.4170000000e+00,1.0082474651e+04
2.9129228300e-04,1.4180000000e+00,1.0082982968e+04
2.9139145700e-04,1.4190000000e+00,1.0083491316e+04
2.9149062700e-04,1.4200000000e+00,1.0083999736e+04
2.9158979100e-04,1.4210000000e+00,1.0084508187e+04
2.9168895100e-04,1.4220000000e+00,1.0084965850e+04
2.9178810600e-04,1.4230000000e+00,1.0085525273e+04
2.9188725500e-04,1.4240000000e+00,1.0086033877e+04
2.9198640000e-04,1.4250000000e+00,1.0086491679e+04
2.9208554000e-04,1.4260000000e+00,1.0087000391e+04
2.9218467500e-04,1.4270000000e+00,1.0087509155e+04
2.9228380500e-04,1.4280000000e+00,1.0088017970e+04
2.9238293000e-04,1.4290000000e+00,1.0088526836e+04
2.9248205000e-04,1.4300000000e+00,1.0089035753e+04
2.9258116500e-04,1.4310000000e+00,1.0089493818e+04
2.9268027600e-04,1.4320000000e+00,1.0090002844e+04
2.9277938100e-04,1.4330000000e+00,1.0090511900e+04
2.9287848200e-04,1.4340000000e+00,1.0091021028e+04
2.9297757700e-04,1.4350000000e+00,1.0091530187e+04
2.9307666800e-04,1.4360000000e+00,1.0091988488e+04
2.9317575400e-04,1.4370000000e+00,1.0092446821e+04
2.9327483600e-04,1.4380000000e+00,1.0092956144e+04
2.9337391200e-04,1.4390000000e+00,1.0093465499e+04
2.9347298400e-04,1.4400000000e+00,1.0093974925e+04
2.9357205000e-04,1.4410000000e+00,1.0094484382e+04
2.9367111200e-04,1.4420000000e+00,1.0094942951e+04
2.9377016900e-04,1.4430000000e+00,1.0095401553e+04
2.9386922200e-04,1.4440000000e+00,1.0095911175e+04
2.9396826900e-04,1.4450000000e+00,1.0096420827e+04
2.9406731200e-04,1.4460000000e+00,1.0096879572e+04
2.9416635000e-04,1.4470000000e+00,1.0097389333e+04
2.9426538300e-04,1.4480000000e+00,1.0097848157e+04
2.9436441200e-04,1.4490000000e+00,1.0098307032e+04
2.9446343600e-04,1.4500000000e+00,1.0098816936e+04
2.9456245500e-04,1.4510000000e+00,1.0099326893e+04
2.9466146900e-04,1.4520000000e+00,1.0099785893e+04
2.9476047900e-04,1.4530000000e+00,1.0100244944e+04
2.9485948400e-04,1.4540000000e+00,1.0100755044e+04
2.9495848400e-04,1.4550000000e+00,1.0101265196e+04
2.9505747900e-04,1.4560000000e+00,1.0101724373e+04
2.9515647000e-04,1.4570000000e+00,1.0102183600e+04
2.9525545600e-04,1.4580000000e+00,1.0102642860e+04
2.9535443800e-04,1.4590000000e+00,1.0103102170e+04
2.9545341500e-04,1.4600000000e+00,1.0103612560e+04
2.9555238700e-04,1.4610000000e+00,1.0104123000e+04
2.9565135400e-04,1.4620000000e+00,1.0104582436e+04
2.9575031700e-04,1.4630000000e+00,1.0104990863e+04
2.9584927600e-04,1.4640000000e+00,1.0105501454e+04
2.9594822900e-04,1.4650000000e+00,1.0105961006e+04
2.9604717900e-04,1.4660000000e+00,1.0106420628e+04
2.9614612300e-04,1.4670000000e+00,1.0106931342e+04
2.9624506300e-04,1.4680000000e+00,1.0107391043e+04
2.9634399800e-04,1.4690000000e+00,1.0107850776e+04
2.9644292900e-04,1.4700000000e+00,1.0108310560e+04
2.9654185500e-04,1.4710000000e+00,1.0108770377e+04
2.9664077700e-04,1.4720000000e+00,1.0109230246e+04
2.9673969400e-04,1.4730000000e+00,1.0109741254e+04
2.9683860600e-04,1.4740000000e+00,1.0110150090e+04
2.9693751500e-04,1.4750000000e+00,1.0110610093e+04
2.9703641800e-04,1.4760000000e+00,1.0111121231e+04
2.9713531700e-04,1.4770000000e+00,1.0111530186e+04
2.9723421200e-04,1.4780000000e+00,1.0111990305e+04
2.9733310200e-04,1.4790000000e+00,1.0112501593e+04
2.9743198700e-04,1.4800000000e+00,1.0112961791e+04
2.9753086800e-04,1.4810000000e+00,1.0113370896e+04
2.9762974500e-04,1.4820000000e+00,1.0113831183e+04
2.9772861700e-04,1.4830000000e+00,1.0114342657e+04
2.9782748400e-04,1.4840000000e+00,1.0114751865e+04
2.9792634800e-04,1.4850000000e+00,1.0115212286e+04
2.9802520600e-04,1.4860000000e+00,1.0115672722e+04
2.9812406100e-04,1.4870000000e+00,1.0116082054e+04
2.9822291100e-04,1.4880000000e+00,1.0116593756e+04
2.9832175600e-04,1.4890000000e+00,1.0117054327e+04
2.9842059700e-04,1.4900000000e+00,1.0117463762e+04
2.9851943400e-04,1.4910000000e+00,1.0117924422e+04
2.9861826600e-04,1.4920000000e+00,1.0118385114e+04
2.9871709400e-04,1.4930000000e+00,1.0118794657e+04
2.9881591800e-04,1.4940000000e+00,1.0119255438e+04
2.9891473700e-04,1.4950000000e+00,1.0119716251e+04
2.9901355200e-04,1.4960000000e+00,1.0120125903e+04
2.9911236300e-04,1.4970000000e+00,1.0120586805e+04
2.9921116900e-04,1.4980000000e+00,1.0121047739e+04
2.9930997100e-04,1.4990000000e+00,1.0121457498e+04
2.9940876900e-04,1.5000000000e+00,1.0121918521e+04
2.9950756200e-04,1.5010000000e+00,1.0122379577e+04
2.9960635100e-04,1.5020000000e+00,1.0122789444e+04
2.9970513600e-04,1.5030000000e+00,1.0123250589e+04
2.9980391600e-04,1.5040000000e+00,1.0123711766e+04
2.9990269200e-04,1.5050000000e+00,1.0124121741e+04
3.0000146400e-04,1.5060000000e+00,1.0124531749e+04
3.0010023200e-04,1.5070000000e+00,1.0124941790e+04
3.0019899600e-04,1.5080000000e+00,1.0125403131e+04
3.0029775500e-04,1.5090000000e+00,1.0125864504e+04
3.0039651000e-04,1.5100000000e+00,1.0126274653e+04
3.0049526100e-04,1.5110000000e+00,1.0126736115e+04
3.0059400700e-04,1.5120000000e+00,1.0127146327e+04
3.0069275000e-04,1.5130000000e+00,1.0127556588e+04
3.0079148800e-04,1.5140000000e+00,1.0128018158e+04
3.0089022200e-04,1.5150000000e+00,1.0128428481e+04
3.0098895200e-04,1.5160000000e+00,1.0128890140e+04
3.0108767700e-04,1.5170000000e+00,1.0129300526e+04
3.0118639900e-04,1.5180000000e+00,1.0129710962e+04
3.0128511600e-04,1.5190000000e+00,1.0130121414e+04
3.0138383000e-04,1.5200000000e+00,1.0130531917e+04
3.0148253900e-04,1.5210000000e+00,1.0130993757e+04
3.0158124400e-04,1.5220000000e+00,1.0131404322e+04
3.0167994500e-04,1.5230000000e+00,1.0131814920e+04
3.0177864200e-04,1.5240000000e+00,1.0132225552e+04
3.0187733500e-04,1.5250000000e+00,1.0132687556e+04
3.0197602300e-04,1.5260000000e+00,1.0133098250e+04
3.0207470800e-04,1.5270000000e+00,1.0133508994e+04
3.0217338800e-04,1.5280000000e+00,1.0133919754e+04
3.0227206500e-04,1.5290000000e+00,1.0134330564e+04
3.0237073700e-04,1.5300000000e+00,1.0134741391e+04
3.0246940600e-04,1.5310000000e+00,1.0135152268e+04
3.0256807000e-04,1.5320000000e+00,1.0135563162e+04
3.0266673100e-04,1.5330000000e+00,1.0135974105e+04
3.0276538700e-04,1.5340000000e+00,1.0136385066e+04
3.0286404000e-04,1.5350000000e+00,1.0136796076e+04
3.0296268800e-04,1.5360000000e+00,1.0137207103e+04
3.0306133300e-04,1.5370000000e+00,1.0137618180e+04
3.0315997300e-04,1.5380000000e+00,1.0138029273e+04
3.0325861000e-04,1.5390000000e+00,1.0138440417e+04
3.0335724200e-04,1.5400000000e+00,1.0138851577e+04
3.0345587100e-04,1.5410000000e+00,1.0139211380e+04
3.0355449600e-04,1.5420000000e+00,1.0139622612e+04
3.0365311700e-04,1.5430000000e+00,1.0140033876e+04
3.0375173400e-04,1.5440000000e+00,1.0140445174e+04
3.0385034700e-04,1.5450000000e+00,1.0140856505e+04
3.0394895600e-04,1.5460000000e+00,1.0141267870e+04
3.0404756100e-04,1.5470000000e+00,1.0141627837e+04
3.0414616300e-04,1.5480000000e+00,1.0142039273e+04
3.0424476000e-04,1.5490000000e+00,1.0142450725e+04
3.0434335400e-04,1.5500000000e+00,1.0142810784e+04
3.0444194400e-04,1.5510000000e+00,1.0143222307e+04
3.0454053000e-04,1.5520000000e+00,1.0143633864e+04
3.0463911200e-04,1.5530000000e+00,1.0144045454e+04
3.0473769000e-04,1.5540000000e+00,1.0144405619e+04
3.0483626500e-04,1.5550000000e+00,1.0144765816e+04
3.0493483600e-04,1.5560000000e+00,1.0145177498e+04
3.0503340300e-04,1.5570000000e+00,1.0145589213e+04
3.0513196600e-04,1.5580000000e+00,1.0145949488e+04
3.0523052600e-04,1.5590000000e+00,1.0146361274e+04
3.0532908100e-04,1.5600000000e+00,1.0146773077e+04
3.0542763300e-04,1.5610000000e+00,1.0147081958e+04
3.0552618200e-04,1.5620000000e+00,1.0147493836e+04
3.0562472600e-04,1.5630000000e+00,1.0147905731e+04
3.0572326700e-04,1.5640000000e+00,1.0148266177e+04
3.0582180400e-04,1.5650000000e+00,1.0148626642e+04
3.0592033800e-04,1.5660000000e+00,1.0149038645e+04
3.0601886700e-04,1.5670000000e+00,1.0149450666e+04
3.0611739300e-04,1.5680000000e+00,1.0149759709e+04
3.0621591600e-04,1.5690000000e+00,1.0150120287e+04
3.0631443500e-04,1.5700000000e+00,1.0150532404e+04
3.0641295000e-04,1.5710000000e+00,1.0150944554e+04
3.0651146100e-04,1.5720000000e+00,1.0151305209e+04
3.0660996900e-04,1.5730000000e+00,1.0151665897e+04
3.0670847300e-04,1.5740000000e+00,1.0152026603e+04
3.0680697400e-04,1.5750000000e+00,1.0152387342e+04
3.0690547100e-04,1.5760000000e+00,1.0152748100e+04
3.0700396500e-04,1.5770000000e+00,1.0153108890e+04
3.0710245500e-04,1.5780000000e+00,1.0153521250e+04
3.0720094100e-04,1.5790000000e+00,1.0153882088e+04
3.0729942400e-04,1.5800000000e+00,1.0154242959e+04
3.0739790300e-04,1.5810000000e+00,1.0154603848e+04
3.0749637900e-04,1.5820000000e+00,1.0154964771e+04
3.0759485100e-04,1.5830000000e+00,1.0155325711e+04
3.0769332000e-04,1.5840000000e+00,1.0155686685e+04
3.0779178500e-04,1.5850000000e+00,1.0156047677e+04
3.0789024700e-04,1.5860000000e+00,1.0156408702e+04
3.0798870500e-04,1.5870000000e+00,1.0156769746e+04
3.0808716000e-04,1.5880000000e+00,1.0157130822e+04
3.0818561100e-04,1.5890000000e+00,1.0157491917e+04
3.0828405900e-04,1.5900000000e+00,1.0157853045e+04
3.0838250300e-04,1.5910000000e+00,1.0158214191e+04
3.0848094400e-04,1.5920000000e+00,1.0158523768e+04
3.0857938200e-04,1.5930000000e+00,1.0158884969e+04
3.0867781600e-04,1.5940000000e+00,1.0159246189e+04
3.0877624700e-04,1.5950000000e+00,1.0159607441e+04
3.0887467400e-04,1.5960000000e+00,1.0159968712e+04
3.0897309800e-04,1.5970000000e+00,1.0160278396e+04
3.0907151900e-04,1.5980000000e+00,1.0160639722e+04
3.0916993600e-04,1.5990000000e+00,1.0161001067e+04
3.0926835000e-04,1.6000000000e+00,1.0161310814e+04
3.0936676100e-04,1.6010000000e+00,1.0161672213e+04
3.0946516800e-04,1.6020000000e+00,1.0162033631e+04
3.0956357200e-04,1.6030000000e+00,1.0162343441e+04
3.0966197300e-04,1.6040000000e+00,1.0162704914e+04
3.0976037000e-04,1.6050000000e+00,1.0163066405e+04
3.0985876400e-04,1.6060000000e+00,1.0163376278e+04
3.0995715500e-04,1.6070000000e+00,1.0163737825e+04
3.1005554200e-04,1.6080000000e+00,1.0164047732e+04
3.1015392700e-04,1.6090000000e+00,1.0164357672e+04
3.1025230800e-04,1.6100000000e+00,1.0164719281e+04
3.1035068600e-04,1.6110000000e+00,1.0165080922e+04
3.1044906000e-04,1.6120000000e+00,1.0165390912e+04
3.1054743200e-04,1.6130000000e+00,1.0165700933e+04
3.1064580000e-04,1.6140000000e+00,1.0166062638e+04
3.1074416500e-04,1.6150000000e+00,1.0166372694e+04
3.1084252700e-04,1.6160000000e+00,1.0166682769e+04
3.1094088600e-04,1.6170000000e+00,1.0167044550e+04
3.1103924100e-04,1.6180000000e+00,1.0167354660e+04
3.1113759400e-04,1.6190000000e+00,1.0167664801e+04
3.1123594300e-04,1.6200000000e+00,1.0168026645e+04
3.1133428900e-04,1.6210000000e+00,1.0168336821e+04
3.1143263200e-04,1.6220000000e+00,1.0168647015e+04
3.1153097200e-04,1.6230000000e+00,1.0168957229e+04
3.1162930900e-04,1.6240000000e+00,1.0169267462e+04
3.1172764300e-04,1.6250000000e+00,1.0169577713e+04
3.1182597400e-04,1.6260000000e+00,1.0169887983e+04
3.1192430200e-04,1.6270000000e+00,1.0170249993e+04
3.1202262600e-04,1.6280000000e+00,1.0170560298e+04
3.1212094800e-04,1.6290000000e+00,1.0170818908e+04
3.1221926700e-04,1.6300000000e+00,1.0171180984e+04
3.1231758200e-04,1.6310000000e+00,1.0171491346e+04
3.1241589500e-04,1.6320000000e+00,1.0171750003e+04
3.1251420500e-04,1.6330000000e+00,1.0172112146e+04
3.1261251100e-04,1.6340000000e+00,1.0172422565e+04
3.1271081500e-04,1.6350000000e+00,1.0172681269e+04
3.1280911600e-04,1.6360000000e+00,1.0172991729e+04
3.1290741400e-04,1.6370000000e+00,1.0173302208e+04
3.1300570900e-04,1.6380000000e+00,1.0173612705e+04
3.1310400100e-04,1.6390000000e+00,1.0173923222e+04
3.1320229000e-04,1.6400000000e+00,1.0174233758e+04
3.1330057600e-04,1.6410000000e+00,1.0174544312e+04
3.1339885900e-04,1.6420000000e+00,1.0174803120e+04
3.1349714000e-04,1.6430000000e+00,1.0175113715e+04
3.1359541700e-04,1.6440000000e+00,1.0175424317e+04
3.1369369200e-04,1.6450000000e+00,1.0175683175e+04
3.1379196400e-04,1.6460000000e+00,1.0175993818e+04
3.1389023300e-04,1.6470000000e+00,1.0176304480e+04
3.1398849900e-04,1.6480000000e+00,1.0176563377e+04
3.1408676300e-04,1.6490000000e+00,1.0176822292e+04
3.1418502400e-04,1.6500000000e+00,1.0177184796e+04
3.1428328100e-04,1.6510000000e+00,1.0177443732e+04
3.1438153700e-04,1.6520000000e+00,1.0177702697e+04
3.1447978900e-04,1.6530000000e+00,1.0178013457e+04
3.1457803900e-04,1.6540000000e+00,1.0178272447e+04
3.1467628600e-04,1.6550000000e+00,1.0178583248e+04
3.1477453000e-04,1.6560000000e+00,1.0178894068e+04
3.1487277100e-04,1.6570000000e+00,1.0179153097e+04
3.1497101000e-04,1.6580000000e+00,1.0179412144e+04
3.1506924600e-04,1.6590000000e+00,1.0179671199e+04
3.1516748000e-04,1.6600000000e+00,1.0179930272e+04
3.1526571100e-04,1.6610000000e+00,1.0180241175e+04
3.1536393900e-04,1.6620000000e+00,1.0180552096e+04
3.1546216400e-04,1.6630000000e+00,1.0180811209e+04
3.1556038700e-04,1.6640000000e+00,1.0181070341e+04
3.1565860700e-04,1.6650000000e+00,1.0181329480e+04
3.1575682500e-04,1.6660000000e+00,1.0181588638e+04
3.1585504000e-04,1.6670000000e+00,1.0181847804e+04
3.1595325300e-04,1.6680000000e+00,1.0182106988e+04
3.1605146300e-04,1.6690000000e+00,1.0182418024e+04
3.1614967000e-04,1.6700000000e+00,1.0182677232e+04
3.1624787500e-04,1.6710000000e+00,1.0182936458e+04
3.1634607700e-04,1.6720000000e+00,1.0183195693e+04
3.1644427700e-04,1.6730000000e+00,1.0183403092e+04
3.1654247500e-04,1.6740000000e+00,1.0183714213e+04
3.1664066900e-04,1.6750000000e+00,1.0183973481e+04
3.1673886200e-04,1.6760000000e+00,1.0184180917e+04
3.1683705200e-04,1.6770000000e+00,1.0184492079e+04
3.1693523900e-04,1.6780000000e+00,1.0184751392e+04
3.1703342400e-04,1.6790000000e+00,1.0184958855e+04
3.1713160700e-04,1.6800000000e+00,1.0185218198e+04
3.1722978700e-04,1.6810000000e+00,1.0185477548e+04
3.1732796500e-04,1.6820000000e+00,1.0185736917e+04
3.1742614000e-04,1.6830000000e+00,1.0185996294e+04
3.1752431300e-04,1.6840000000e+00,1.0186203808e+04
3.1762248400e-04,1.6850000000e+00,1.0186463214e+04
3.1772065200e-04,1.6860000000e+00,1.0186722628e+04
3.1781881800e-04,1.6870000000e+00,1.0186930171e+04
3.1791698200e-04,1.6880000000e+00,1.0187189614e+04
3.1801514300e-04,1.6890000000e+00,1.0187449065e+04
3.1811330200e-04,1.6900000000e+00,1.0187656637e+04
3.1821145900e-04,1.6910000000e+00,1.0187916117e+04
3.1830961300e-04,1.6920000000e+00,1.0188123705e+04
3.1840776600e-04,1.6930000000e+00,1.0188383214e+04
3.1850591500e-04,1.6940000000e+00,1.0188642720e+04
3.1860406300e-04,1.6950000000e+00,1.0188798437e+04
3.1870220900e-04,1.6960000000e+00,1.0189057975e+04
3.1880035200e-04,1.6970000000e+00,1.0189317522e+04
3.1889849300e-04,1.6980000000e+00,1.0189525170e+04
3.1899663200e-04,1.6990000000e+00,1.0189732827e+04
3.1909476900e-04,1.7000000000e+00,1.0189992413e+04
3.1919290300e-04,1.7010000000e+00,1.0190252007e+04
3.1929103500e-04,1.7020000000e+00,1.0190407770e+04
3.1938916600e-04,1.7030000000e+00,1.0190615467e+04
3.1948729400e-04,1.7040000000e+00,1.0190875093e+04
3.1958542000e-04,1.7050000000e+00,1.0191082805e+04
3.1968354400e-04,1.7060000000e+00,1.0191290525e+04
3.1978166600e-04,1.7070000000e+00,1.0191550191e+04
3.1987978500e-04,1.7080000000e+00,1.0191757926e+04
3.1997790300e-04,1.7090000000e+00,1.0191913738e+04
3.2007601900e-04,1.7100000000e+00,1.0192121492e+04
3.2017413300e-04,1.7110000000e+00,1.0192381200e+04
3.2027224400e-04,1.7120000000e+00,1.0192588969e+04
3.2037035400e-04,1.7130000000e+00,1.0192796755e+04
3.2046846100e-04,1.7140000000e+00,1.0193004542e+04
3.2056656700e-04,1.7150000000e+00,1.0193160391e+04
3.2066467100e-04,1.7160000000e+00,1.0193368197e+04
3.2076277300e-04,1.7170000000e+00,1.0193627968e+04
3.2086087200e-04,1.7180000000e+00,1.0193835788e+04
3.2095897000e-04,1.7190000000e+00,1.0193991663e+04
3.2105706600e-04,1.7200000000e+00,1.0194199503e+04
3.2115516000e-04,1.7210000000e+00,1.0194355386e+04
3.2125325300e-04,1.7220000000e+00,1.0194563244e+04
3.2135134300e-04,1.7230000000e+00,1.0194823071e+04
3.2144943100e-04,1.7240000000e+00,1.0194978973e+04
3.2154751800e-04,1.7250000000e+00,1.0195134884e+04
3.2164560300e-04,1.7260000000e+00,1.0195342770e+04
3.2174368600e-04,1.7270000000e+00,1.0195550664e+04
3.2184176700e-04,1.7280000000e+00,1.0195758567e+04
3.2193984600e-04,1.7290000000e+00,1.0195914498e+04
3.2203792400e-04,1.7300000000e+00,1.0196070437e+04
3.2213600000e-04,1.7310000000e+00,1.0196278361e+04
3.2223407400e-04,1.7320000000e+00,1.0196486293e+04
3.2233214600e-04,1.7330000000e+00,1.0196642246e+04
3.2243021700e-04,1.7340000000e+00,1.0196798207e+04
3.2252828600e-04,1.7350000000e+00,1.0197006161e+04
3.2262635300e-04,1.7360000000e+00,1.0197162130e+04
3.2272441900e-04,1.7370000000e+00,1.0197318107e+04
3.2282248300e-04,1.7380000000e+00,1.0197526082e+04
3.2292054500e-04,1.7390000000e+00,1.0197734066e+04
3.2301860500e-04,1.7400000000e+00,1.0197890057e+04
3.2311666400e-04,1.7410000000e+00,1.0197994055e+04
3.2321472200e-04,1.7420000000e+00,1.0198150058e+04
3.2331277800e-04,1.7430000000e+00,1.0198358066e+04
3.2341083200e-04,1.7440000000e+00,1.0198514077e+04
3.2350888500e-04,1.7450000000e+00,1.0198670096e+04
3.2360693600e-04,1.7460000000e+00,1.0198878126e+04
3.2370498500e-04,1.7470000000e+00,1.0199034152e+04
3.2380303300e-04,1.7480000000e+00,1.0199138173e+04
3.2390108000e-04,1.7490000000e+00,1.0199294211e+04
3.2399912500e-04,1.7500000000e+00,1.0199502266e+04
3.2409716800e-04,1.7510000000e+00,1.0199658312e+04
3.2419521000e-04,1.7520000000e+00,1.0199762346e+04
3.2429325100e-04,1.7530000000e+00,1.0199918403e+04
3.2439129000e-04,1.7540000000e+00,1.0200074461e+04
3.2448932800e-04,1.7550000000e+00,1.0200230527e+04
3.2458736400e-04,1.7560000000e+00,1.0200386595e+04
3.2468539900e-04,1.7570000000e+00,1.0200490644e+04
3.2478343300e-04,1.7580000000e+00,1.0200646723e+04
3.2488146500e-04,1.7590000000e+00,1.0200802804e+04
3.2497949600e-04,1.7600000000e+00,1.0200958892e+04
3.2507752500e-04,1.7610000000e+00,1.0201062951e+04
3.2517555400e-04,1.7620000000e+00,1.0201167016e+04
3.2527358100e-04,1.7630000000e+00,1.0201375147e+04
3.2537160600e-04,1.7640000000e+00,1.0201479214e+04
3.2546963100e-04,1.7650000000e+00,1.0201583288e+04
3.2556765400e-04,1.7660000000e+00,1.0201791437e+04
3.2566567500e-04,1.7670000000e+00,1.0201895512e+04
3.2576369600e-04,1.7680000000e+00,1.0201999594e+04
3.2586171500e-04,1.7690000000e+00,1.0202155716e+04
3.2595973300e-04,1.7700000000e+00,1.0202259801e+04
3.2605775000e-04,1.7710000000e+00,1.0202363888e+04
3.2615576600e-04,1.7720000000e+00,1.0202467978e+04
3.2625378100e-04,1.7730000000e+00,1.0202624117e+04
3.2635179400e-04,1.7740000000e+00,1.0202728210e+04
3.2644980700e-04,1.7750000000e+00,1.0202832308e+04
3.2654781800e-04,1.7760000000e+00,1.0202988456e+04
3.2664582800e-04,1.7770000000e+00,1.0203092558e+04
3.2674383700e-04,1.7780000000e+00,1.0203196662e+04
3.2684184500e-04,1.7790000000e+00,1.0203300768e+04
3.2693985200e-04,1.7800000000e+00,1.0203404877e+04
3.2703785800e-04,1.7810000000e+00,1.0203508987e+04
3.2713586300e-04,1.7820000000e+00,1.0203665159e+04
3.2723386600e-04,1.7830000000e+00,1.0203769272e+04
3.2733186900e-04,1.7840000000e+00,1.0203821332e+04
3.2742987100e-04,1.7850000000e+00,1.0203925451e+04
3.2752787200e-04,1.7860000000e+00,1.0204029572e+04
3.2762587200e-04,1.7870000000e+00,1.0204133695e+04
3.2772387100e-04,1.7880000000e+00,1.0204237820e+04
3.2782186900e-04,1.7890000000e+00,1.0204341948e+04
3.2791986600e-04,1.7900000000e+00,1.0204394012e+04
3.2801786300e-04,1.7910000000e+00,1.0204498145e+04
3.2811585800e-04,1.7920000000e+00,1.0204654343e+04
3.2821385200e-04,1.7930000000e+00,1.0204706411e+04
3.2831184600e-04,1.7940000000e+00,1.0204758479e+04
3.2840983900e-04,1.7950000000e+00,1.0204862618e+04
3.2850783100e-04,1.7960000000e+00,1.0204966758e+04
3.2860582200e-04,1.7970000000e+00,1.0205018828e+04
3.2870381300e-04,1.7980000000e+00,1.0205070900e+04
3.2880180300e-04,1.7990000000e+00,1.0205175045e+04
3.2889979200e-04,1.8000000000e+00,1.0205227117e+04
